,STATION,DATE,TIME,ENTRIES,EXITS
0,1 AV,04/13/2019,0,0.0,0.0
42,14 ST,04/13/2019,0,0.0,0.0
84,14 ST-UNION SQ,04/13/2019,0,0.0,0.0
126,3 AV,04/13/2019,0,0.0,0.0
168,6 AV,04/13/2019,0,0.0,0.0
210,8 AV,04/13/2019,0,0.0,0.0
252,ATLANTIC AV,04/13/2019,0,0.0,0.0
294,BEDFORD AV,04/13/2019,0,0.0,0.0
336,BROADWAY JCT,04/13/2019,0,0.0,0.0
378,BUSHWICK AV,04/13/2019,0,0.0,0.0
420,CANARSIE-ROCKAW,04/13/2019,0,0.0,0.0
462,DEKALB AV,04/13/2019,0,0.0,0.0
504,EAST 105 ST,04/13/2019,0,0.0,0.0
546,GRAHAM AV,04/13/2019,0,0.0,0.0
588,GRAND ST,04/13/2019,0,0.0,0.0
630,HALSEY ST,04/13/2019,0,0.0,0.0
672,JEFFERSON ST,04/13/2019,0,0.0,0.0
714,LIVONIA AV,04/13/2019,0,0.0,0.0
756,LORIMER ST,04/13/2019,0,0.0,0.0
798,METROPOLITAN AV,04/13/2019,0,0.0,0.0
840,MONTROSE AV,04/13/2019,0,0.0,0.0
882,MORGAN AV,04/13/2019,0,0.0,0.0
924,MYRTLE-WYCKOFF,04/13/2019,0,0.0,0.0
966,NEW LOTS,04/13/2019,0,0.0,0.0
1008,SUTTER AV,04/13/2019,0,0.0,0.0
1050,WILSON AV,04/13/2019,0,0.0,0.0
1,1 AV,04/13/2019,1,915.0,732.0
43,14 ST,04/13/2019,1,1769.0,901.0
85,14 ST-UNION SQ,04/13/2019,1,1895.0,902.0
127,3 AV,04/13/2019,1,408.0,186.0
169,6 AV,04/13/2019,1,8.0,65.0
211,8 AV,04/13/2019,1,861.0,220.0
253,ATLANTIC AV,04/13/2019,1,15.0,20.0
295,BEDFORD AV,04/13/2019,1,1140.0,923.0
337,BROADWAY JCT,04/13/2019,1,252.0,801.0
379,BUSHWICK AV,04/13/2019,1,17.0,127.0
421,CANARSIE-ROCKAW,04/13/2019,1,157.0,113.0
463,DEKALB AV,04/13/2019,1,138.0,158.0
505,EAST 105 ST,04/13/2019,1,42.0,114.0
547,GRAHAM AV,04/13/2019,1,252.0,312.0
589,GRAND ST,04/13/2019,1,128.0,239.0
631,HALSEY ST,04/13/2019,1,171.0,435.0
673,JEFFERSON ST,04/13/2019,1,497.0,118.0
715,LIVONIA AV,04/13/2019,1,31.0,56.0
757,LORIMER ST,04/13/2019,1,93.0,40.0
799,METROPOLITAN AV,04/13/2019,1,241.0,297.0
841,MONTROSE AV,04/13/2019,1,181.0,353.0
883,MORGAN AV,04/13/2019,1,240.0,284.0
925,MYRTLE-WYCKOFF,04/13/2019,1,311.0,1081.0
967,NEW LOTS,04/13/2019,1,88.0,199.0
1009,SUTTER AV,04/13/2019,1,59.0,130.0
1051,WILSON AV,04/13/2019,1,82.0,338.0
2,1 AV,04/13/2019,2,395.0,749.0
44,14 ST,04/13/2019,2,935.0,1680.0
86,14 ST-UNION SQ,04/13/2019,2,2080.0,5437.0
128,3 AV,04/13/2019,2,81.0,161.0
170,6 AV,04/13/2019,2,6.0,87.0
212,8 AV,04/13/2019,2,572.0,888.0
254,ATLANTIC AV,04/13/2019,2,73.0,20.0
296,BEDFORD AV,04/13/2019,2,530.0,526.0
338,BROADWAY JCT,04/13/2019,2,987.0,533.0
380,BUSHWICK AV,04/13/2019,2,140.0,65.0
422,CANARSIE-ROCKAW,04/13/2019,2,1198.0,123.0
464,DEKALB AV,04/13/2019,2,672.0,92.0
506,EAST 105 ST,04/13/2019,2,335.0,190.0
548,GRAHAM AV,04/13/2019,2,247.0,183.0
590,GRAND ST,04/13/2019,2,280.0,257.0
632,HALSEY ST,04/13/2019,2,635.0,158.0
674,JEFFERSON ST,04/13/2019,2,417.0,58.0
716,LIVONIA AV,04/13/2019,2,291.0,183.0
758,LORIMER ST,04/13/2019,2,284.0,54.0
800,METROPOLITAN AV,04/13/2019,2,520.0,490.0
842,MONTROSE AV,04/13/2019,2,308.0,181.0
884,MORGAN AV,04/13/2019,2,298.0,176.0
926,MYRTLE-WYCKOFF,04/13/2019,2,2467.0,478.0
968,NEW LOTS,04/13/2019,2,453.0,250.0
1010,SUTTER AV,04/13/2019,2,370.0,170.0
1052,WILSON AV,04/13/2019,2,247.0,114.0
3,1 AV,04/13/2019,3,2166.0,2693.0
45,14 ST,04/13/2019,3,4114.0,7453.0
87,14 ST-UNION SQ,04/13/2019,3,11046.0,18472.0
129,3 AV,04/13/2019,3,439.0,942.0
171,6 AV,04/13/2019,3,3.0,420.0
213,8 AV,04/13/2019,3,2575.0,3413.0
255,ATLANTIC AV,04/13/2019,3,118.0,33.0
297,BEDFORD AV,04/13/2019,3,3624.0,3520.0
339,BROADWAY JCT,04/13/2019,3,1953.0,1284.0
381,BUSHWICK AV,04/13/2019,3,431.0,101.0
423,CANARSIE-ROCKAW,04/13/2019,3,1063.0,206.0
465,DEKALB AV,04/13/2019,3,1755.0,255.0
507,EAST 105 ST,04/13/2019,3,398.0,283.0
549,GRAHAM AV,04/13/2019,3,1456.0,595.0
591,GRAND ST,04/13/2019,3,857.0,748.0
633,HALSEY ST,04/13/2019,3,1486.0,342.0
675,JEFFERSON ST,04/13/2019,3,1212.0,323.0
717,LIVONIA AV,04/13/2019,3,314.0,301.0
759,LORIMER ST,04/13/2019,3,1109.0,218.0
801,METROPOLITAN AV,04/13/2019,3,1495.0,920.0
843,MONTROSE AV,04/13/2019,3,1209.0,477.0
885,MORGAN AV,04/13/2019,3,1174.0,434.0
927,MYRTLE-WYCKOFF,04/13/2019,3,5314.0,1128.0
969,NEW LOTS,04/13/2019,3,399.0,317.0
1011,SUTTER AV,04/13/2019,3,408.0,201.0
1053,WILSON AV,04/13/2019,3,986.0,235.0
4,1 AV,04/13/2019,4,4484.0,4485.0
46,14 ST,04/13/2019,4,9972.0,9735.0
88,14 ST-UNION SQ,04/13/2019,4,24205.0,23907.0
130,3 AV,04/13/2019,4,1277.0,1461.0
172,6 AV,04/13/2019,4,208.0,547.0
214,8 AV,04/13/2019,4,6184.0,4194.0
256,ATLANTIC AV,04/13/2019,4,135.0,63.0
298,BEDFORD AV,04/13/2019,4,8821.0,8501.0
340,BROADWAY JCT,04/13/2019,4,2061.0,2053.0
382,BUSHWICK AV,04/13/2019,4,448.0,228.0
424,CANARSIE-ROCKAW,04/13/2019,4,1237.0,311.0
466,DEKALB AV,04/13/2019,4,1905.0,381.0
508,EAST 105 ST,04/13/2019,4,425.0,398.0
550,GRAHAM AV,04/13/2019,4,1857.0,952.0
592,GRAND ST,04/13/2019,4,1229.0,894.0
634,HALSEY ST,04/13/2019,4,1400.0,693.0
676,JEFFERSON ST,04/13/2019,4,1868.0,409.0
718,LIVONIA AV,04/13/2019,4,316.0,314.0
760,LORIMER ST,04/13/2019,4,1149.0,301.0
802,METROPOLITAN AV,04/13/2019,4,1938.0,1685.0
844,MONTROSE AV,04/13/2019,4,1661.0,712.0
886,MORGAN AV,04/13/2019,4,2092.0,836.0
928,MYRTLE-WYCKOFF,04/13/2019,4,5362.0,2042.0
970,NEW LOTS,04/13/2019,4,481.0,545.0
1012,SUTTER AV,04/13/2019,4,461.0,343.0
1054,WILSON AV,04/13/2019,4,928.0,547.0
5,1 AV,04/13/2019,5,4348.0,5799.0
47,14 ST,04/13/2019,5,11532.0,8728.0
89,14 ST-UNION SQ,04/13/2019,5,23980.0,18435.0
131,3 AV,04/13/2019,5,1578.0,1811.0
173,6 AV,04/13/2019,5,147.0,584.0
215,8 AV,04/13/2019,5,7251.0,3310.0
257,ATLANTIC AV,04/13/2019,5,109.0,55.0
299,BEDFORD AV,04/13/2019,5,12291.0,6436.0
341,BROADWAY JCT,04/13/2019,5,1714.0,2767.0
383,BUSHWICK AV,04/13/2019,5,323.0,318.0
425,CANARSIE-ROCKAW,04/13/2019,5,951.0,327.0
467,DEKALB AV,04/13/2019,5,1345.0,503.0
509,EAST 105 ST,04/13/2019,5,305.0,443.0
551,GRAHAM AV,04/13/2019,5,1607.0,1382.0
593,GRAND ST,04/13/2019,5,1046.0,1085.0
635,HALSEY ST,04/13/2019,5,1010.0,1144.0
677,JEFFERSON ST,04/13/2019,5,1705.0,368.0
719,LIVONIA AV,04/13/2019,5,245.0,325.0
761,LORIMER ST,04/13/2019,5,1033.0,338.0
803,METROPOLITAN AV,04/13/2019,5,1834.0,1880.0
845,MONTROSE AV,04/13/2019,5,1477.0,972.0
887,MORGAN AV,04/13/2019,5,1750.0,908.0
929,MYRTLE-WYCKOFF,04/13/2019,5,3528.0,3036.0
971,NEW LOTS,04/13/2019,5,351.0,645.0
1013,SUTTER AV,04/13/2019,5,335.0,431.0
1055,WILSON AV,04/13/2019,5,639.0,924.0
6,1 AV,04/14/2019,0,3640.0,4158.0
48,14 ST,04/14/2019,0,6905.0,4180.0
90,14 ST-UNION SQ,04/14/2019,0,13681.0,6248.0
132,3 AV,04/14/2019,0,1359.0,1193.0
174,6 AV,04/14/2019,0,109.0,298.0
216,8 AV,04/14/2019,0,4002.0,1707.0
258,ATLANTIC AV,04/14/2019,0,59.0,99.0
300,BEDFORD AV,04/14/2019,0,5513.0,4052.0
342,BROADWAY JCT,04/14/2019,0,929.0,2042.0
384,BUSHWICK AV,04/14/2019,0,176.0,335.0
426,CANARSIE-ROCKAW,04/14/2019,0,435.0,253.0
468,DEKALB AV,04/14/2019,0,715.0,451.0
510,EAST 105 ST,04/14/2019,0,149.0,371.0
552,GRAHAM AV,04/14/2019,0,1158.0,1182.0
594,GRAND ST,04/14/2019,0,584.0,801.0
636,HALSEY ST,04/14/2019,0,526.0,1049.0
678,JEFFERSON ST,04/14/2019,0,1088.0,371.0
720,LIVONIA AV,04/14/2019,0,102.0,258.0
762,LORIMER ST,04/14/2019,0,549.0,281.0
804,METROPOLITAN AV,04/14/2019,0,1223.0,1410.0
846,MONTROSE AV,04/14/2019,0,867.0,926.0
888,MORGAN AV,04/14/2019,0,1069.0,786.0
930,MYRTLE-WYCKOFF,04/14/2019,0,1825.0,2711.0
972,NEW LOTS,04/14/2019,0,216.0,508.0
1014,SUTTER AV,04/14/2019,0,173.0,421.0
1056,WILSON AV,04/14/2019,0,340.0,877.0
7,1 AV,04/14/2019,1,1193.0,1015.0
49,14 ST,04/14/2019,1,2058.0,1050.0
91,14 ST-UNION SQ,04/14/2019,1,2410.0,1074.0
133,3 AV,04/14/2019,1,491.0,306.0
175,6 AV,04/14/2019,1,12.0,80.0
217,8 AV,04/14/2019,1,1169.0,286.0
259,ATLANTIC AV,04/14/2019,1,18.0,25.0
301,BEDFORD AV,04/14/2019,1,1907.0,1052.0
343,BROADWAY JCT,04/14/2019,1,307.0,864.0
385,BUSHWICK AV,04/14/2019,1,19.0,165.0
427,CANARSIE-ROCKAW,04/14/2019,1,141.0,74.0
469,DEKALB AV,04/14/2019,1,134.0,146.0
511,EAST 105 ST,04/14/2019,1,35.0,108.0
553,GRAHAM AV,04/14/2019,1,256.0,346.0
595,GRAND ST,04/14/2019,1,158.0,257.0
637,HALSEY ST,04/14/2019,1,201.0,415.0
679,JEFFERSON ST,04/14/2019,1,554.0,150.0
721,LIVONIA AV,04/14/2019,1,25.0,66.0
763,LORIMER ST,04/14/2019,1,180.0,56.0
805,METROPOLITAN AV,04/14/2019,1,309.0,310.0
847,MONTROSE AV,04/14/2019,1,275.0,334.0
889,MORGAN AV,04/14/2019,1,274.0,284.0
931,MYRTLE-WYCKOFF,04/14/2019,1,327.0,1106.0
973,NEW LOTS,04/14/2019,1,68.0,196.0
1015,SUTTER AV,04/14/2019,1,51.0,149.0
1057,WILSON AV,04/14/2019,1,95.0,365.0
8,1 AV,04/14/2019,2,298.0,525.0
50,14 ST,04/14/2019,2,26691.0,38982.0
92,14 ST-UNION SQ,04/14/2019,2,1675.0,3310.0
134,3 AV,04/14/2019,2,96.0,161.0
176,6 AV,04/14/2019,2,9.0,74.0
218,8 AV,04/14/2019,2,481.0,732.0
260,ATLANTIC AV,04/14/2019,2,47.0,18.0
302,BEDFORD AV,04/14/2019,2,471.0,368.0
344,BROADWAY JCT,04/14/2019,2,719.0,535.0
386,BUSHWICK AV,04/14/2019,2,98.0,36.0
428,CANARSIE-ROCKAW,04/14/2019,2,800.0,96.0
470,DEKALB AV,04/14/2019,2,402.0,86.0
512,EAST 105 ST,04/14/2019,2,210.0,163.0
554,GRAHAM AV,04/14/2019,2,189.0,132.0
596,GRAND ST,04/14/2019,2,161.0,135.0
638,HALSEY ST,04/14/2019,2,386.0,90.0
680,JEFFERSON ST,04/14/2019,2,329.0,41.0
722,LIVONIA AV,04/14/2019,2,161.0,104.0
764,LORIMER ST,04/14/2019,2,170.0,44.0
806,METROPOLITAN AV,04/14/2019,2,333.0,317.0
848,MONTROSE AV,04/14/2019,2,213.0,136.0
890,MORGAN AV,04/14/2019,2,225.0,128.0
932,MYRTLE-WYCKOFF,04/14/2019,2,1341.0,470.0
974,NEW LOTS,04/14/2019,2,345.0,187.0
1016,SUTTER AV,04/14/2019,2,230.0,86.0
1058,WILSON AV,04/14/2019,2,202.0,92.0
9,1 AV,04/14/2019,3,1602.0,2058.0
51,14 ST,04/14/2019,3,30391.0,5667.0
93,14 ST-UNION SQ,04/14/2019,3,7341.0,13970.0
135,3 AV,04/14/2019,3,340.0,705.0
177,6 AV,04/14/2019,3,13.0,331.0
219,8 AV,04/14/2019,3,2260.0,2969.0
261,ATLANTIC AV,04/14/2019,3,83.0,46.0
303,BEDFORD AV,04/14/2019,3,2980.0,2173.0
345,BROADWAY JCT,04/14/2019,3,1552.0,1038.0
387,BUSHWICK AV,04/14/2019,3,335.0,95.0
429,CANARSIE-ROCKAW,04/14/2019,3,858.0,166.0
471,DEKALB AV,04/14/2019,3,1351.0,206.0
513,EAST 105 ST,04/14/2019,3,269.0,203.0
555,GRAHAM AV,04/14/2019,3,1171.0,516.0
597,GRAND ST,04/14/2019,3,666.0,406.0
639,HALSEY ST,04/14/2019,3,1184.0,275.0
681,JEFFERSON ST,04/14/2019,3,915.0,244.0
723,LIVONIA AV,04/14/2019,3,205.0,171.0
765,LORIMER ST,04/14/2019,3,795.0,181.0
807,METROPOLITAN AV,04/14/2019,3,1136.0,706.0
849,MONTROSE AV,04/14/2019,3,954.0,342.0
891,MORGAN AV,04/14/2019,3,976.0,289.0
933,MYRTLE-WYCKOFF,04/14/2019,3,3895.0,951.0
975,NEW LOTS,04/14/2019,3,281.0,283.0
1017,SUTTER AV,04/14/2019,3,240.0,194.0
1059,WILSON AV,04/14/2019,3,766.0,220.0
10,1 AV,04/14/2019,4,3076.0,3581.0
52,14 ST,04/14/2019,4,7774.0,8095.0
94,14 ST-UNION SQ,04/14/2019,4,17446.0,18069.0
136,3 AV,04/14/2019,4,960.0,1169.0
178,6 AV,04/14/2019,4,26.0,447.0
220,8 AV,04/14/2019,4,5036.0,3134.0
262,ATLANTIC AV,04/14/2019,4,89.0,23.0
304,BEDFORD AV,04/14/2019,4,6338.0,4571.0
346,BROADWAY JCT,04/14/2019,4,1659.0,1523.0
388,BUSHWICK AV,04/14/2019,4,304.0,214.0
430,CANARSIE-ROCKAW,04/14/2019,4,917.0,217.0
472,DEKALB AV,04/14/2019,4,1529.0,321.0
514,EAST 105 ST,04/14/2019,4,306.0,311.0
556,GRAHAM AV,04/14/2019,4,1472.0,937.0
598,GRAND ST,04/14/2019,4,841.0,727.0
640,HALSEY ST,04/14/2019,4,1212.0,509.0
682,JEFFERSON ST,04/14/2019,4,1556.0,306.0
724,LIVONIA AV,04/14/2019,4,234.0,231.0
766,LORIMER ST,04/14/2019,4,861.0,265.0
808,METROPOLITAN AV,04/14/2019,4,1362.0,1165.0
850,MONTROSE AV,04/14/2019,4,1265.0,602.0
892,MORGAN AV,04/14/2019,4,1548.0,643.0
934,MYRTLE-WYCKOFF,04/14/2019,4,3905.0,1653.0
976,NEW LOTS,04/14/2019,4,366.0,407.0
1018,SUTTER AV,04/14/2019,4,322.0,313.0
1060,WILSON AV,04/14/2019,4,790.0,506.0
11,1 AV,04/14/2019,5,3318.0,4475.0
53,14 ST,04/14/2019,5,8440.0,5971.0
95,14 ST-UNION SQ,04/14/2019,5,17032.0,11413.0
137,3 AV,04/14/2019,5,1290.0,1163.0
179,6 AV,04/14/2019,5,165.0,392.0
221,8 AV,04/14/2019,5,4838.0,1976.0
263,ATLANTIC AV,04/14/2019,5,71.0,44.0
305,BEDFORD AV,04/14/2019,5,6271.0,4381.0
347,BROADWAY JCT,04/14/2019,5,1167.0,2030.0
389,BUSHWICK AV,04/14/2019,5,195.0,306.0
431,CANARSIE-ROCKAW,04/14/2019,5,680.0,241.0
473,DEKALB AV,04/14/2019,5,1003.0,477.0
515,EAST 105 ST,04/14/2019,5,192.0,353.0
557,GRAHAM AV,04/14/2019,5,1143.0,1161.0
599,GRAND ST,04/14/2019,5,721.0,910.0
641,HALSEY ST,04/14/2019,5,778.0,1009.0
683,JEFFERSON ST,04/14/2019,5,1260.0,327.0
725,LIVONIA AV,04/14/2019,5,180.0,292.0
767,LORIMER ST,04/14/2019,5,643.0,270.0
809,METROPOLITAN AV,04/14/2019,5,1178.0,1473.0
851,MONTROSE AV,04/14/2019,5,970.0,856.0
893,MORGAN AV,04/14/2019,5,1221.0,639.0
935,MYRTLE-WYCKOFF,04/14/2019,5,2498.0,2529.0
977,NEW LOTS,04/14/2019,5,240.0,522.0
1019,SUTTER AV,04/14/2019,5,269.0,372.0
1061,WILSON AV,04/14/2019,5,498.0,923.0
12,1 AV,04/15/2019,0,2190.0,2274.0
54,14 ST,04/15/2019,0,4432.0,1951.0
96,14 ST-UNION SQ,04/15/2019,0,7071.0,2864.0
138,3 AV,04/15/2019,0,859.0,445.0
180,6 AV,04/15/2019,0,8.0,158.0
222,8 AV,04/15/2019,0,1984.0,576.0
264,ATLANTIC AV,04/15/2019,0,34.0,71.0
306,BEDFORD AV,04/15/2019,0,2853.0,2056.0
348,BROADWAY JCT,04/15/2019,0,695.0,1399.0
390,BUSHWICK AV,04/15/2019,0,103.0,255.0
432,CANARSIE-ROCKAW,04/15/2019,0,309.0,183.0
474,DEKALB AV,04/15/2019,0,414.0,346.0
516,EAST 105 ST,04/15/2019,0,124.0,292.0
558,GRAHAM AV,04/15/2019,0,835.0,943.0
600,GRAND ST,04/15/2019,0,405.0,612.0
642,HALSEY ST,04/15/2019,0,361.0,689.0
684,JEFFERSON ST,04/15/2019,0,657.0,184.0
726,LIVONIA AV,04/15/2019,0,91.0,179.0
768,LORIMER ST,04/15/2019,0,299.0,116.0
810,METROPOLITAN AV,04/15/2019,0,578.0,731.0
852,MONTROSE AV,04/15/2019,0,459.0,648.0
894,MORGAN AV,04/15/2019,0,608.0,503.0
936,MYRTLE-WYCKOFF,04/15/2019,0,1066.0,2107.0
978,NEW LOTS,04/15/2019,0,167.0,390.0
1020,SUTTER AV,04/15/2019,0,120.0,332.0
1062,WILSON AV,04/15/2019,0,215.0,724.0
13,1 AV,04/15/2019,1,258.0,242.0
55,14 ST,04/15/2019,1,547.0,387.0
97,14 ST-UNION SQ,04/15/2019,1,661.0,530.0
139,3 AV,04/15/2019,1,110.0,46.0
181,6 AV,04/15/2019,1,7.0,20.0
223,8 AV,04/15/2019,1,254.0,115.0
265,ATLANTIC AV,04/15/2019,1,9.0,13.0
307,BEDFORD AV,04/15/2019,1,354.0,208.0
349,BROADWAY JCT,04/15/2019,1,212.0,378.0
391,BUSHWICK AV,04/15/2019,1,18.0,81.0
433,CANARSIE-ROCKAW,04/15/2019,1,319.0,48.0
475,DEKALB AV,04/15/2019,1,69.0,93.0
517,EAST 105 ST,04/15/2019,1,51.0,91.0
559,GRAHAM AV,04/15/2019,1,94.0,122.0
601,GRAND ST,04/15/2019,1,61.0,103.0
643,HALSEY ST,04/15/2019,1,66.0,221.0
685,JEFFERSON ST,04/15/2019,1,72.0,54.0
727,LIVONIA AV,04/15/2019,1,46.0,38.0
769,LORIMER ST,04/15/2019,1,48.0,14.0
811,METROPOLITAN AV,04/15/2019,1,112.0,112.0
853,MONTROSE AV,04/15/2019,1,72.0,127.0
895,MORGAN AV,04/15/2019,1,77.0,119.0
937,MYRTLE-WYCKOFF,04/15/2019,1,213.0,523.0
979,NEW LOTS,04/15/2019,1,125.0,114.0
1021,SUTTER AV,04/15/2019,1,89.0,81.0
1063,WILSON AV,04/15/2019,1,46.0,156.0
14,1 AV,04/15/2019,2,18083.0,16000.0
56,14 ST,04/15/2019,2,2645.0,5810.0
98,14 ST-UNION SQ,04/15/2019,2,8446.0,20557.0
140,3 AV,04/15/2019,2,181.0,825.0
182,6 AV,04/15/2019,2,22.0,194.0
224,8 AV,04/15/2019,2,1888.0,2800.0
266,ATLANTIC AV,04/15/2019,2,423.0,145.0
308,BEDFORD AV,04/15/2019,2,2375.0,1183.0
350,BROADWAY JCT,04/15/2019,2,1871.0,733.0
392,BUSHWICK AV,04/15/2019,2,482.0,135.0
434,CANARSIE-ROCKAW,04/15/2019,2,5088.0,339.0
476,DEKALB AV,04/15/2019,2,2024.0,205.0
518,EAST 105 ST,04/15/2019,2,1536.0,535.0
560,GRAHAM AV,04/15/2019,2,1111.0,496.0
602,GRAND ST,04/15/2019,2,961.0,1189.0
644,HALSEY ST,04/15/2019,2,2101.0,268.0
686,JEFFERSON ST,04/15/2019,2,1149.0,191.0
728,LIVONIA AV,04/15/2019,2,1078.0,450.0
770,LORIMER ST,04/15/2019,2,1794.0,95.0
812,METROPOLITAN AV,04/15/2019,2,1953.0,644.0
854,MONTROSE AV,04/15/2019,2,873.0,392.0
896,MORGAN AV,04/15/2019,2,777.0,555.0
938,MYRTLE-WYCKOFF,04/15/2019,2,4765.0,513.0
980,NEW LOTS,04/15/2019,2,1995.0,638.0
1022,SUTTER AV,04/15/2019,2,1400.0,269.0
1064,WILSON AV,04/15/2019,2,1030.0,283.0
15,1 AV,04/15/2019,3,24455.0,24711.0
57,14 ST,04/15/2019,3,8706.0,14347.0
99,14 ST-UNION SQ,04/15/2019,3,13709.0,27393.0
141,3 AV,04/15/2019,3,701.0,2223.0
183,6 AV,04/15/2019,3,131.0,940.0
225,8 AV,04/15/2019,3,3174.0,4124.0
267,ATLANTIC AV,04/15/2019,3,391.0,190.0
309,BEDFORD AV,04/15/2019,3,9514.0,2994.0
351,BROADWAY JCT,04/15/2019,3,2467.0,1143.0
393,BUSHWICK AV,04/15/2019,3,710.0,150.0
435,CANARSIE-ROCKAW,04/15/2019,3,1965.0,335.0
477,DEKALB AV,04/15/2019,3,3013.0,385.0
519,EAST 105 ST,04/15/2019,3,608.0,359.0
561,GRAHAM AV,04/15/2019,3,4408.0,913.0
603,GRAND ST,04/15/2019,3,1998.0,1511.0
645,HALSEY ST,04/15/2019,3,2752.0,462.0
687,JEFFERSON ST,04/15/2019,3,2428.0,367.0
729,LIVONIA AV,04/15/2019,3,488.0,356.0
771,LORIMER ST,04/15/2019,3,1607.0,191.0
813,METROPOLITAN AV,04/15/2019,3,1749.0,686.0
855,MONTROSE AV,04/15/2019,3,2571.0,664.0
897,MORGAN AV,04/15/2019,3,2295.0,889.0
939,MYRTLE-WYCKOFF,04/15/2019,3,6816.0,1263.0
981,NEW LOTS,04/15/2019,3,716.0,518.0
1023,SUTTER AV,04/15/2019,3,663.0,417.0
1065,WILSON AV,04/15/2019,3,1693.0,378.0
16,1 AV,04/15/2019,4,4493.0,3846.0
58,14 ST,04/15/2019,4,12284.0,8293.0
100,14 ST-UNION SQ,04/15/2019,4,27002.0,20250.0
142,3 AV,04/15/2019,4,1282.0,1165.0
184,6 AV,04/15/2019,4,32.0,478.0
226,8 AV,04/15/2019,4,5800.0,2990.0
268,ATLANTIC AV,04/15/2019,4,4404.0,33898.0
310,BEDFORD AV,04/15/2019,4,4443.0,3078.0
352,BROADWAY JCT,04/15/2019,4,1595.0,1625.0
394,BUSHWICK AV,04/15/2019,4,336.0,225.0
436,CANARSIE-ROCKAW,04/15/2019,4,1821.0,541.0
478,DEKALB AV,04/15/2019,4,1324.0,584.0
520,EAST 105 ST,04/15/2019,4,626.0,808.0
562,GRAHAM AV,04/15/2019,4,1504.0,1044.0
604,GRAND ST,04/15/2019,4,1586.0,1028.0
646,HALSEY ST,04/15/2019,4,1125.0,703.0
688,JEFFERSON ST,04/15/2019,4,1322.0,323.0
730,LIVONIA AV,04/15/2019,4,584.0,636.0
772,LORIMER ST,04/15/2019,4,785.0,249.0
814,METROPOLITAN AV,04/15/2019,4,1690.0,1084.0
856,MONTROSE AV,04/15/2019,4,1311.0,618.0
898,MORGAN AV,04/15/2019,4,1373.0,637.0
940,MYRTLE-WYCKOFF,04/15/2019,4,3474.0,2169.0
982,NEW LOTS,04/15/2019,4,806.0,1115.0
1024,SUTTER AV,04/15/2019,4,706.0,659.0
1066,WILSON AV,04/15/2019,4,823.0,733.0
17,1 AV,04/15/2019,5,3374.0,2993.0
59,14 ST,04/15/2019,5,24143.0,11949.0
101,14 ST-UNION SQ,04/15/2019,5,1035.0,24115.0
143,3 AV,04/15/2019,5,1607.0,1737.0
185,6 AV,04/15/2019,5,480.0,820.0
227,8 AV,04/15/2019,5,8267.0,4230.0
269,ATLANTIC AV,04/15/2019,5,5144.0,34224.0
311,BEDFORD AV,04/15/2019,5,5304.0,4627.0
353,BROADWAY JCT,04/15/2019,5,1927.0,3741.0
395,BUSHWICK AV,04/15/2019,5,355.0,432.0
437,CANARSIE-ROCKAW,04/15/2019,5,1509.0,824.0
479,DEKALB AV,04/15/2019,5,1294.0,710.0
521,EAST 105 ST,04/15/2019,5,453.0,1178.0
563,GRAHAM AV,04/15/2019,5,1710.0,1413.0
605,GRAND ST,04/15/2019,5,1810.0,1191.0
647,HALSEY ST,04/15/2019,5,1058.0,1543.0
689,JEFFERSON ST,04/15/2019,5,1679.0,519.0
731,LIVONIA AV,04/15/2019,5,483.0,660.0
773,LORIMER ST,04/15/2019,5,690.0,410.0
815,METROPOLITAN AV,04/15/2019,5,2077.0,2720.0
857,MONTROSE AV,04/15/2019,5,1442.0,694.0
899,MORGAN AV,04/15/2019,5,1864.0,638.0
941,MYRTLE-WYCKOFF,04/15/2019,5,3212.0,4402.0
983,NEW LOTS,04/15/2019,5,562.0,1224.0
1025,SUTTER AV,04/15/2019,5,528.0,678.0
1067,WILSON AV,04/15/2019,5,701.0,1433.0
18,1 AV,04/16/2019,0,1884.0,2303.0
60,14 ST,04/16/2019,0,7212.0,2594.0
102,14 ST-UNION SQ,04/16/2019,0,10943.0,3656.0
144,3 AV,04/16/2019,0,1059.0,443.0
186,6 AV,04/16/2019,0,178.0,167.0
228,8 AV,04/16/2019,0,2286.0,765.0
270,ATLANTIC AV,04/16/2019,0,110.0,76.0
312,BEDFORD AV,04/16/2019,0,2073.0,2842.0
354,BROADWAY JCT,04/16/2019,0,635.0,1179.0
396,BUSHWICK AV,04/16/2019,0,89.0,363.0
438,CANARSIE-ROCKAW,04/16/2019,0,439.0,310.0
480,DEKALB AV,04/16/2019,0,462.0,524.0
522,EAST 105 ST,04/16/2019,0,171.0,390.0
564,GRAHAM AV,04/16/2019,0,434.0,1070.0
606,GRAND ST,04/16/2019,0,390.0,813.0
648,HALSEY ST,04/16/2019,0,363.0,990.0
690,JEFFERSON ST,04/16/2019,0,441.0,300.0
732,LIVONIA AV,04/16/2019,0,121.0,179.0
774,LORIMER ST,04/16/2019,0,206.0,144.0
816,METROPOLITAN AV,04/16/2019,0,875.0,687.0
858,MONTROSE AV,04/16/2019,0,436.0,764.0
900,MORGAN AV,04/16/2019,0,502.0,553.0
942,MYRTLE-WYCKOFF,04/16/2019,0,1076.0,2288.0
984,NEW LOTS,04/16/2019,0,220.0,489.0
1026,SUTTER AV,04/16/2019,0,156.0,354.0
1068,WILSON AV,04/16/2019,0,230.0,921.0
19,1 AV,04/16/2019,1,1.0,16.0
61,14 ST,04/16/2019,1,748.0,359.0
103,14 ST-UNION SQ,04/16/2019,1,723.0,598.0
145,3 AV,04/16/2019,1,3.0,41.0
187,6 AV,04/16/2019,1,7.0,19.0
229,8 AV,04/16/2019,1,271.0,171.0
271,ATLANTIC AV,04/16/2019,1,18209.0,23346.0
313,BEDFORD AV,04/16/2019,1,13.0,91.0
355,BROADWAY JCT,04/16/2019,1,187.0,385.0
397,BUSHWICK AV,04/16/2019,1,12.0,28.0
439,CANARSIE-ROCKAW,04/16/2019,1,317.0,68.0
481,DEKALB AV,04/16/2019,1,46.0,72.0
523,EAST 105 ST,04/16/2019,1,49.0,144.0
565,GRAHAM AV,04/16/2019,1,55.0,48.0
607,GRAND ST,04/16/2019,1,51.0,48.0
649,HALSEY ST,04/16/2019,1,50.0,125.0
691,JEFFERSON ST,04/16/2019,1,65.0,38.0
733,LIVONIA AV,04/16/2019,1,47.0,26.0
775,LORIMER ST,04/16/2019,1,39.0,14.0
817,METROPOLITAN AV,04/16/2019,1,199.0,154.0
859,MONTROSE AV,04/16/2019,1,68.0,46.0
901,MORGAN AV,04/16/2019,1,57.0,56.0
943,MYRTLE-WYCKOFF,04/16/2019,1,170.0,460.0
985,NEW LOTS,04/16/2019,1,130.0,131.0
1027,SUTTER AV,04/16/2019,1,80.0,76.0
1069,WILSON AV,04/16/2019,1,32.0,82.0
20,1 AV,04/16/2019,2,1511.0,3141.0
62,14 ST,04/16/2019,2,2981.0,6625.0
104,14 ST-UNION SQ,04/16/2019,2,9126.0,22940.0
146,3 AV,04/16/2019,2,187.0,943.0
188,6 AV,04/16/2019,2,91.0,225.0
230,8 AV,04/16/2019,2,1971.0,3255.0
272,ATLANTIC AV,04/16/2019,2,17725.0,23183.0
314,BEDFORD AV,04/16/2019,2,2672.0,1362.0
356,BROADWAY JCT,04/16/2019,2,2074.0,853.0
398,BUSHWICK AV,04/16/2019,2,529.0,123.0
440,CANARSIE-ROCKAW,04/16/2019,2,5502.0,244.0
482,DEKALB AV,04/16/2019,2,2136.0,197.0
524,EAST 105 ST,04/16/2019,2,1644.0,600.0
566,GRAHAM AV,04/16/2019,2,1297.0,561.0
608,GRAND ST,04/16/2019,2,995.0,1168.0
650,HALSEY ST,04/16/2019,2,2328.0,301.0
692,JEFFERSON ST,04/16/2019,2,1222.0,210.0
734,LIVONIA AV,04/16/2019,2,1178.0,522.0
776,LORIMER ST,04/16/2019,2,1880.0,110.0
818,METROPOLITAN AV,04/16/2019,2,2251.0,763.0
860,MONTROSE AV,04/16/2019,2,984.0,376.0
902,MORGAN AV,04/16/2019,2,877.0,610.0
944,MYRTLE-WYCKOFF,04/16/2019,2,5064.0,638.0
986,NEW LOTS,04/16/2019,2,2142.0,628.0
1028,SUTTER AV,04/16/2019,2,1526.0,246.0
1070,WILSON AV,04/16/2019,2,1102.0,291.0
21,1 AV,04/16/2019,3,5033.0,5466.0
63,14 ST,04/16/2019,3,9085.0,15394.0
105,14 ST-UNION SQ,04/16/2019,3,14437.0,28500.0
147,3 AV,04/16/2019,3,745.0,2312.0
189,6 AV,04/16/2019,3,222.0,963.0
231,8 AV,04/16/2019,3,3415.0,4352.0
273,ATLANTIC AV,04/16/2019,3,436.0,202.0
315,BEDFORD AV,04/16/2019,3,10201.0,3077.0
357,BROADWAY JCT,04/16/2019,3,2560.0,1137.0
399,BUSHWICK AV,04/16/2019,3,741.0,148.0
441,CANARSIE-ROCKAW,04/16/2019,3,1997.0,303.0
483,DEKALB AV,04/16/2019,3,3030.0,390.0
525,EAST 105 ST,04/16/2019,3,667.0,345.0
567,GRAHAM AV,04/16/2019,3,4432.0,962.0
609,GRAND ST,04/16/2019,3,2108.0,1451.0
651,HALSEY ST,04/16/2019,3,2801.0,493.0
693,JEFFERSON ST,04/16/2019,3,2382.0,376.0
735,LIVONIA AV,04/16/2019,3,513.0,395.0
777,LORIMER ST,04/16/2019,3,1652.0,149.0
819,METROPOLITAN AV,04/16/2019,3,1960.0,722.0
861,MONTROSE AV,04/16/2019,3,2614.0,629.0
903,MORGAN AV,04/16/2019,3,2439.0,867.0
945,MYRTLE-WYCKOFF,04/16/2019,3,7036.0,1268.0
987,NEW LOTS,04/16/2019,3,723.0,562.0
1029,SUTTER AV,04/16/2019,3,698.0,404.0
1071,WILSON AV,04/16/2019,3,1698.0,375.0
22,1 AV,04/16/2019,4,4379.0,3875.0
64,14 ST,04/16/2019,4,13362.0,9382.0
106,14 ST-UNION SQ,04/16/2019,4,29043.0,21373.0
148,3 AV,04/16/2019,4,1338.0,1245.0
190,6 AV,04/16/2019,4,8.0,468.0
232,8 AV,04/16/2019,4,6488.0,3007.0
274,ATLANTIC AV,04/16/2019,4,269.0,115.0
316,BEDFORD AV,04/16/2019,4,4725.0,3295.0
358,BROADWAY JCT,04/16/2019,4,1784.0,1660.0
400,BUSHWICK AV,04/16/2019,4,385.0,270.0
442,CANARSIE-ROCKAW,04/16/2019,4,1893.0,514.0
484,DEKALB AV,04/16/2019,4,1370.0,548.0
526,EAST 105 ST,04/16/2019,4,655.0,873.0
568,GRAHAM AV,04/16/2019,4,1579.0,987.0
610,GRAND ST,04/16/2019,4,1561.0,1095.0
652,HALSEY ST,04/16/2019,4,1180.0,764.0
694,JEFFERSON ST,04/16/2019,4,1505.0,359.0
736,LIVONIA AV,04/16/2019,4,602.0,552.0
778,LORIMER ST,04/16/2019,4,763.0,284.0
820,METROPOLITAN AV,04/16/2019,4,1814.0,1152.0
862,MONTROSE AV,04/16/2019,4,1319.0,668.0
904,MORGAN AV,04/16/2019,4,1477.0,625.0
946,MYRTLE-WYCKOFF,04/16/2019,4,3685.0,2063.0
988,NEW LOTS,04/16/2019,4,799.0,1128.0
1030,SUTTER AV,04/16/2019,4,744.0,534.0
1072,WILSON AV,04/16/2019,4,832.0,689.0
23,1 AV,04/16/2019,5,6510.0,6709.0
65,14 ST,04/16/2019,5,23611.0,11213.0
107,14 ST-UNION SQ,04/16/2019,5,2614.0,22681.0
149,3 AV,04/16/2019,5,2688.0,1640.0
191,6 AV,04/16/2019,5,373.0,541.0
233,8 AV,04/16/2019,5,9020.0,3004.0
275,ATLANTIC AV,04/16/2019,5,521.0,216.0
317,BEDFORD AV,04/16/2019,5,6764.0,8184.0
359,BROADWAY JCT,04/16/2019,5,1734.0,2557.0
401,BUSHWICK AV,04/16/2019,5,417.0,637.0
443,CANARSIE-ROCKAW,04/16/2019,5,1609.0,922.0
485,DEKALB AV,04/16/2019,5,1424.0,1117.0
527,EAST 105 ST,04/16/2019,5,524.0,1297.0
569,GRAHAM AV,04/16/2019,5,1877.0,2599.0
611,GRAND ST,04/16/2019,5,1852.0,1988.0
653,HALSEY ST,04/16/2019,5,1271.0,2077.0
695,JEFFERSON ST,04/16/2019,5,1919.0,1327.0
737,LIVONIA AV,04/16/2019,5,481.0,729.0
779,LORIMER ST,04/16/2019,5,847.0,503.0
821,METROPOLITAN AV,04/16/2019,5,2073.0,2184.0
863,MONTROSE AV,04/16/2019,5,1583.0,1181.0
905,MORGAN AV,04/16/2019,5,2055.0,1048.0
947,MYRTLE-WYCKOFF,04/16/2019,5,3370.0,4534.0
989,NEW LOTS,04/16/2019,5,615.0,1592.0
1031,SUTTER AV,04/16/2019,5,541.0,899.0
1073,WILSON AV,04/16/2019,5,687.0,1703.0
24,1 AV,04/17/2019,0,2476.0,2729.0
66,14 ST,04/17/2019,0,8407.0,3114.0
108,14 ST-UNION SQ,04/17/2019,0,13884.0,4671.0
150,3 AV,04/17/2019,0,1355.0,521.0
192,6 AV,04/17/2019,0,121.0,168.0
234,8 AV,04/17/2019,0,2908.0,949.0
276,ATLANTIC AV,04/17/2019,0,91.0,73.0
318,BEDFORD AV,04/17/2019,0,2437.0,3274.0
360,BROADWAY JCT,04/17/2019,0,720.0,1390.0
402,BUSHWICK AV,04/17/2019,0,126.0,431.0
444,CANARSIE-ROCKAW,04/17/2019,0,470.0,253.0
486,DEKALB AV,04/17/2019,0,483.0,486.0
528,EAST 105 ST,04/17/2019,0,185.0,386.0
570,GRAHAM AV,04/17/2019,0,764.0,1391.0
612,GRAND ST,04/17/2019,0,501.0,946.0
654,HALSEY ST,04/17/2019,0,379.0,1035.0
696,JEFFERSON ST,04/17/2019,0,644.0,436.0
738,LIVONIA AV,04/17/2019,0,107.0,194.0
780,LORIMER ST,04/17/2019,0,304.0,141.0
822,METROPOLITAN AV,04/17/2019,0,967.0,791.0
864,MONTROSE AV,04/17/2019,0,545.0,816.0
906,MORGAN AV,04/17/2019,0,627.0,601.0
948,MYRTLE-WYCKOFF,04/17/2019,0,1177.0,2788.0
990,NEW LOTS,04/17/2019,0,237.0,548.0
1032,SUTTER AV,04/17/2019,0,199.0,377.0
1074,WILSON AV,04/17/2019,0,227.0,1046.0
25,1 AV,04/17/2019,1,0.0,3.0
67,14 ST,04/17/2019,1,795.0,417.0
109,14 ST-UNION SQ,04/17/2019,1,908.0,569.0
151,3 AV,04/17/2019,1,0.0,12.0
193,6 AV,04/17/2019,1,0.0,6.0
235,8 AV,04/17/2019,1,263.0,157.0
277,ATLANTIC AV,04/17/2019,1,14.0,14.0
319,BEDFORD AV,04/17/2019,1,0.0,66.0
361,BROADWAY JCT,04/17/2019,1,211.0,371.0
403,BUSHWICK AV,04/17/2019,1,8.0,42.0
445,CANARSIE-ROCKAW,04/17/2019,1,312.0,58.0
487,DEKALB AV,04/17/2019,1,47.0,84.0
529,EAST 105 ST,04/17/2019,1,56.0,143.0
571,GRAHAM AV,04/17/2019,1,64.0,67.0
613,GRAND ST,04/17/2019,1,72.0,71.0
655,HALSEY ST,04/17/2019,1,46.0,138.0
697,JEFFERSON ST,04/17/2019,1,91.0,57.0
739,LIVONIA AV,04/17/2019,1,33.0,40.0
781,LORIMER ST,04/17/2019,1,43.0,12.0
823,METROPOLITAN AV,04/17/2019,1,188.0,111.0
865,MONTROSE AV,04/17/2019,1,77.0,49.0
907,MORGAN AV,04/17/2019,1,60.0,93.0
949,MYRTLE-WYCKOFF,04/17/2019,1,161.0,587.0
991,NEW LOTS,04/17/2019,1,136.0,132.0
1033,SUTTER AV,04/17/2019,1,94.0,81.0
1075,WILSON AV,04/17/2019,1,36.0,120.0
26,1 AV,04/17/2019,2,1500.0,3039.0
68,14 ST,04/17/2019,2,2858.0,6645.0
110,14 ST-UNION SQ,04/17/2019,2,8974.0,21381.0
152,3 AV,04/17/2019,2,178.0,932.0
194,6 AV,04/17/2019,2,37.0,182.0
236,8 AV,04/17/2019,2,1969.0,3014.0
278,ATLANTIC AV,04/17/2019,2,470.0,156.0
320,BEDFORD AV,04/17/2019,2,2514.0,1151.0
362,BROADWAY JCT,04/17/2019,2,1976.0,803.0
404,BUSHWICK AV,04/17/2019,2,534.0,102.0
446,CANARSIE-ROCKAW,04/17/2019,2,5410.0,210.0
488,DEKALB AV,04/17/2019,2,2153.0,187.0
530,EAST 105 ST,04/17/2019,2,1576.0,565.0
572,GRAHAM AV,04/17/2019,2,39780.0,28150.0
614,GRAND ST,04/17/2019,2,988.0,1245.0
656,HALSEY ST,04/17/2019,2,2284.0,326.0
698,JEFFERSON ST,04/17/2019,2,1196.0,251.0
740,LIVONIA AV,04/17/2019,2,1132.0,476.0
782,LORIMER ST,04/17/2019,2,1842.0,102.0
824,METROPOLITAN AV,04/17/2019,2,2165.0,679.0
866,MONTROSE AV,04/17/2019,2,946.0,373.0
908,MORGAN AV,04/17/2019,2,858.0,619.0
950,MYRTLE-WYCKOFF,04/17/2019,2,4985.0,540.0
992,NEW LOTS,04/17/2019,2,2129.0,637.0
1034,SUTTER AV,04/17/2019,2,1455.0,224.0
1076,WILSON AV,04/17/2019,2,1126.0,291.0
27,1 AV,04/17/2019,3,5096.0,5396.0
69,14 ST,04/17/2019,3,8897.0,15340.0
111,14 ST-UNION SQ,04/17/2019,3,15507.0,29777.0
153,3 AV,04/17/2019,3,692.0,2231.0
195,6 AV,04/17/2019,3,165.0,984.0
237,8 AV,04/17/2019,3,3469.0,4711.0
279,ATLANTIC AV,04/17/2019,3,446.0,179.0
321,BEDFORD AV,04/17/2019,3,10133.0,3068.0
363,BROADWAY JCT,04/17/2019,3,2509.0,1216.0
405,BUSHWICK AV,04/17/2019,3,730.0,154.0
447,CANARSIE-ROCKAW,04/17/2019,3,2062.0,236.0
489,DEKALB AV,04/17/2019,3,3146.0,383.0
531,EAST 105 ST,04/17/2019,3,628.0,391.0
573,GRAHAM AV,04/17/2019,3,34027.0,26666.0
615,GRAND ST,04/17/2019,3,2136.0,1479.0
657,HALSEY ST,04/17/2019,3,2885.0,461.0
699,JEFFERSON ST,04/17/2019,3,2514.0,475.0
741,LIVONIA AV,04/17/2019,3,515.0,366.0
783,LORIMER ST,04/17/2019,3,1747.0,202.0
825,METROPOLITAN AV,04/17/2019,3,1867.0,812.0
867,MONTROSE AV,04/17/2019,3,2654.0,573.0
909,MORGAN AV,04/17/2019,3,2388.0,869.0
951,MYRTLE-WYCKOFF,04/17/2019,3,7027.0,1162.0
993,NEW LOTS,04/17/2019,3,722.0,538.0
1035,SUTTER AV,04/17/2019,3,678.0,383.0
1077,WILSON AV,04/17/2019,3,1794.0,392.0
28,1 AV,04/17/2019,4,4574.0,4032.0
70,14 ST,04/17/2019,4,13251.0,9673.0
112,14 ST-UNION SQ,04/17/2019,4,30044.0,22323.0
154,3 AV,04/17/2019,4,1234.0,1156.0
196,6 AV,04/17/2019,4,66.0,491.0
238,8 AV,04/17/2019,4,6720.0,3289.0
280,ATLANTIC AV,04/17/2019,4,302.0,118.0
322,BEDFORD AV,04/17/2019,4,4942.0,3337.0
364,BROADWAY JCT,04/17/2019,4,1756.0,1720.0
406,BUSHWICK AV,04/17/2019,4,396.0,257.0
448,CANARSIE-ROCKAW,04/17/2019,4,1930.0,553.0
490,DEKALB AV,04/17/2019,4,1326.0,506.0
532,EAST 105 ST,04/17/2019,4,660.0,753.0
574,GRAHAM AV,04/17/2019,4,1730.0,1019.0
616,GRAND ST,04/17/2019,4,1591.0,1056.0
658,HALSEY ST,04/17/2019,4,1218.0,720.0
700,JEFFERSON ST,04/17/2019,4,1481.0,458.0
742,LIVONIA AV,04/17/2019,4,646.0,587.0
784,LORIMER ST,04/17/2019,4,841.0,232.0
826,METROPOLITAN AV,04/17/2019,4,1731.0,1133.0
868,MONTROSE AV,04/17/2019,4,1333.0,619.0
910,MORGAN AV,04/17/2019,4,1337.0,696.0
952,MYRTLE-WYCKOFF,04/17/2019,4,3585.0,2076.0
994,NEW LOTS,04/17/2019,4,836.0,1163.0
1036,SUTTER AV,04/17/2019,4,707.0,633.0
1078,WILSON AV,04/17/2019,4,875.0,704.0
29,1 AV,04/17/2019,5,6758.0,6889.0
71,14 ST,04/17/2019,5,23683.0,11781.0
113,14 ST-UNION SQ,04/17/2019,5,3165.0,23178.0
155,3 AV,04/17/2019,5,2581.0,1664.0
197,6 AV,04/17/2019,5,407.0,490.0
239,8 AV,04/17/2019,5,9260.0,3044.0
281,ATLANTIC AV,04/17/2019,5,481.0,192.0
323,BEDFORD AV,04/17/2019,5,6613.0,8639.0
365,BROADWAY JCT,04/17/2019,5,1743.0,2535.0
407,BUSHWICK AV,04/17/2019,5,416.0,632.0
449,CANARSIE-ROCKAW,04/17/2019,5,1636.0,974.0
491,DEKALB AV,04/17/2019,5,1431.0,1092.0
533,EAST 105 ST,04/17/2019,5,486.0,1282.0
575,GRAHAM AV,04/17/2019,5,1966.0,2545.0
617,GRAND ST,04/17/2019,5,1879.0,2200.0
659,HALSEY ST,04/17/2019,5,1230.0,2048.0
701,JEFFERSON ST,04/17/2019,5,1966.0,825.0
743,LIVONIA AV,04/17/2019,5,502.0,756.0
785,LORIMER ST,04/17/2019,5,836.0,519.0
827,METROPOLITAN AV,04/17/2019,5,2143.0,2276.0
869,MONTROSE AV,04/17/2019,5,1605.0,1281.0
911,MORGAN AV,04/17/2019,5,2189.0,1150.0
953,MYRTLE-WYCKOFF,04/17/2019,5,3359.0,4624.0
995,NEW LOTS,04/17/2019,5,615.0,1532.0
1037,SUTTER AV,04/17/2019,5,591.0,849.0
1079,WILSON AV,04/17/2019,5,763.0,1769.0
30,1 AV,04/18/2019,0,2617.0,2823.0
72,14 ST,04/18/2019,0,8718.0,3095.0
114,14 ST-UNION SQ,04/18/2019,0,14720.0,4770.0
156,3 AV,04/18/2019,0,1314.0,531.0
198,6 AV,04/18/2019,0,159.0,147.0
240,8 AV,04/18/2019,0,3188.0,922.0
282,ATLANTIC AV,04/18/2019,0,99.0,87.0
324,BEDFORD AV,04/18/2019,0,2643.0,3511.0
366,BROADWAY JCT,04/18/2019,0,688.0,1282.0
408,BUSHWICK AV,04/18/2019,0,110.0,376.0
450,CANARSIE-ROCKAW,04/18/2019,0,470.0,328.0
492,DEKALB AV,04/18/2019,0,544.0,554.0
534,EAST 105 ST,04/18/2019,0,221.0,433.0
576,GRAHAM AV,04/18/2019,0,754.0,1357.0
618,GRAND ST,04/18/2019,0,562.0,976.0
660,HALSEY ST,04/18/2019,0,438.0,1126.0
702,JEFFERSON ST,04/18/2019,0,718.0,489.0
744,LIVONIA AV,04/18/2019,0,116.0,201.0
786,LORIMER ST,04/18/2019,0,279.0,157.0
828,METROPOLITAN AV,04/18/2019,0,1083.0,1013.0
870,MONTROSE AV,04/18/2019,0,543.0,861.0
912,MORGAN AV,04/18/2019,0,754.0,745.0
954,MYRTLE-WYCKOFF,04/18/2019,0,1241.0,2657.0
996,NEW LOTS,04/18/2019,0,227.0,511.0
1038,SUTTER AV,04/18/2019,0,170.0,362.0
1080,WILSON AV,04/18/2019,0,269.0,1053.0
31,1 AV,04/18/2019,1,1.0,0.0
73,14 ST,04/18/2019,1,786.0,428.0
115,14 ST-UNION SQ,04/18/2019,1,908.0,610.0
157,3 AV,04/18/2019,1,1.0,1.0
199,6 AV,04/18/2019,1,4.0,30.0
241,8 AV,04/18/2019,1,293.0,162.0
283,ATLANTIC AV,04/18/2019,1,18.0,19.0
325,BEDFORD AV,04/18/2019,1,0.0,26.0
367,BROADWAY JCT,04/18/2019,1,204.0,397.0
409,BUSHWICK AV,04/18/2019,1,10.0,33.0
451,CANARSIE-ROCKAW,04/18/2019,1,322.0,72.0
493,DEKALB AV,04/18/2019,1,64.0,84.0
535,EAST 105 ST,04/18/2019,1,60.0,132.0
577,GRAHAM AV,04/18/2019,1,54.0,56.0
619,GRAND ST,04/18/2019,1,59.0,79.0
661,HALSEY ST,04/18/2019,1,78.0,141.0
703,JEFFERSON ST,04/18/2019,1,176.0,68.0
745,LIVONIA AV,04/18/2019,1,41.0,59.0
787,LORIMER ST,04/18/2019,1,32.0,19.0
829,METROPOLITAN AV,04/18/2019,1,187.0,115.0
871,MONTROSE AV,04/18/2019,1,64.0,59.0
913,MORGAN AV,04/18/2019,1,63.0,89.0
955,MYRTLE-WYCKOFF,04/18/2019,1,209.0,491.0
997,NEW LOTS,04/18/2019,1,104.0,157.0
1039,SUTTER AV,04/18/2019,1,90.0,85.0
1081,WILSON AV,04/18/2019,1,35.0,131.0
32,1 AV,04/18/2019,2,1412.0,2970.0
74,14 ST,04/18/2019,2,2801.0,6266.0
116,14 ST-UNION SQ,04/18/2019,2,8525.0,21611.0
158,3 AV,04/18/2019,2,173.0,899.0
200,6 AV,04/18/2019,2,47.0,209.0
242,8 AV,04/18/2019,2,1833.0,2984.0
284,ATLANTIC AV,04/18/2019,2,454.0,143.0
326,BEDFORD AV,04/18/2019,2,2422.0,1126.0
368,BROADWAY JCT,04/18/2019,2,2021.0,879.0
410,BUSHWICK AV,04/18/2019,2,531.0,120.0
452,CANARSIE-ROCKAW,04/18/2019,2,5225.0,235.0
494,DEKALB AV,04/18/2019,2,2070.0,196.0
536,EAST 105 ST,04/18/2019,2,1599.0,572.0
578,GRAHAM AV,04/18/2019,2,1178.0,556.0
620,GRAND ST,04/18/2019,2,925.0,1157.0
662,HALSEY ST,04/18/2019,2,2259.0,339.0
704,JEFFERSON ST,04/18/2019,2,1159.0,205.0
746,LIVONIA AV,04/18/2019,2,1176.0,522.0
788,LORIMER ST,04/18/2019,2,1854.0,100.0
830,METROPOLITAN AV,04/18/2019,2,2086.0,684.0
872,MONTROSE AV,04/18/2019,2,902.0,357.0
914,MORGAN AV,04/18/2019,2,807.0,608.0
956,MYRTLE-WYCKOFF,04/18/2019,2,4848.0,629.0
998,NEW LOTS,04/18/2019,2,2051.0,667.0
1040,SUTTER AV,04/18/2019,2,1413.0,277.0
1082,WILSON AV,04/18/2019,2,1039.0,289.0
33,1 AV,04/18/2019,3,5120.0,5482.0
75,14 ST,04/18/2019,3,9150.0,14957.0
117,14 ST-UNION SQ,04/18/2019,3,14900.0,29020.0
159,3 AV,04/18/2019,3,716.0,2241.0
201,6 AV,04/18/2019,3,196.0,886.0
243,8 AV,04/18/2019,3,3473.0,4571.0
285,ATLANTIC AV,04/18/2019,3,431.0,178.0
327,BEDFORD AV,04/18/2019,3,10095.0,3141.0
369,BROADWAY JCT,04/18/2019,3,2398.0,1138.0
411,BUSHWICK AV,04/18/2019,3,769.0,159.0
453,CANARSIE-ROCKAW,04/18/2019,3,1962.0,321.0
495,DEKALB AV,04/18/2019,3,3102.0,349.0
537,EAST 105 ST,04/18/2019,3,676.0,382.0
579,GRAHAM AV,04/18/2019,3,4528.0,947.0
621,GRAND ST,04/18/2019,3,2094.0,1429.0
663,HALSEY ST,04/18/2019,3,2795.0,478.0
705,JEFFERSON ST,04/18/2019,3,2484.0,408.0
747,LIVONIA AV,04/18/2019,3,507.0,348.0
789,LORIMER ST,04/18/2019,3,1713.0,194.0
831,METROPOLITAN AV,04/18/2019,3,1922.0,732.0
873,MONTROSE AV,04/18/2019,3,2632.0,616.0
915,MORGAN AV,04/18/2019,3,2381.0,980.0
957,MYRTLE-WYCKOFF,04/18/2019,3,6973.0,1278.0
999,NEW LOTS,04/18/2019,3,725.0,523.0
1041,SUTTER AV,04/18/2019,3,710.0,301.0
1083,WILSON AV,04/18/2019,3,1767.0,355.0
34,1 AV,04/18/2019,4,4713.0,4179.0
76,14 ST,04/18/2019,4,13228.0,9845.0
118,14 ST-UNION SQ,04/18/2019,4,29507.0,22646.0
160,3 AV,04/18/2019,4,1281.0,1240.0
202,6 AV,04/18/2019,4,17.0,524.0
244,8 AV,04/18/2019,4,6622.0,3440.0
286,ATLANTIC AV,04/18/2019,4,284.0,134.0
328,BEDFORD AV,04/18/2019,4,5382.0,3569.0
370,BROADWAY JCT,04/18/2019,4,30098.0,29633.0
412,BUSHWICK AV,04/18/2019,4,388.0,251.0
454,CANARSIE-ROCKAW,04/18/2019,4,1858.0,513.0
496,DEKALB AV,04/18/2019,4,1468.0,553.0
538,EAST 105 ST,04/18/2019,4,646.0,802.0
580,GRAHAM AV,04/18/2019,4,1714.0,1110.0
622,GRAND ST,04/18/2019,4,1657.0,1158.0
664,HALSEY ST,04/18/2019,4,1249.0,784.0
706,JEFFERSON ST,04/18/2019,4,1446.0,342.0
748,LIVONIA AV,04/18/2019,4,579.0,627.0
790,LORIMER ST,04/18/2019,4,855.0,238.0
832,METROPOLITAN AV,04/18/2019,4,1871.0,1211.0
874,MONTROSE AV,04/18/2019,4,1330.0,645.0
916,MORGAN AV,04/18/2019,4,1521.0,723.0
958,MYRTLE-WYCKOFF,04/18/2019,4,3638.0,2205.0
1000,NEW LOTS,04/18/2019,4,784.0,1034.0
1042,SUTTER AV,04/18/2019,4,766.0,590.0
1084,WILSON AV,04/18/2019,4,899.0,677.0
35,1 AV,04/18/2019,5,6545.0,6546.0
77,14 ST,04/18/2019,5,23113.0,11944.0
119,14 ST-UNION SQ,04/18/2019,5,1821.0,22262.0
161,3 AV,04/18/2019,5,2610.0,1706.0
203,6 AV,04/18/2019,5,388.0,549.0
245,8 AV,04/18/2019,5,9156.0,3458.0
287,ATLANTIC AV,04/18/2019,5,507.0,206.0
329,BEDFORD AV,04/18/2019,5,6849.0,8245.0
371,BROADWAY JCT,04/18/2019,5,33515.0,33792.0
413,BUSHWICK AV,04/18/2019,5,426.0,529.0
455,CANARSIE-ROCKAW,04/18/2019,5,1588.0,828.0
497,DEKALB AV,04/18/2019,5,1433.0,954.0
539,EAST 105 ST,04/18/2019,5,508.0,1184.0
581,GRAHAM AV,04/18/2019,5,1958.0,2404.0
623,GRAND ST,04/18/2019,5,1843.0,1939.0
665,HALSEY ST,04/18/2019,5,1205.0,1947.0
707,JEFFERSON ST,04/18/2019,5,1830.0,637.0
749,LIVONIA AV,04/18/2019,5,468.0,719.0
791,LORIMER ST,04/18/2019,5,978.0,514.0
833,METROPOLITAN AV,04/18/2019,5,2400.0,2225.0
875,MONTROSE AV,04/18/2019,5,1608.0,1111.0
917,MORGAN AV,04/18/2019,5,2098.0,1094.0
959,MYRTLE-WYCKOFF,04/18/2019,5,3322.0,4180.0
1001,NEW LOTS,04/18/2019,5,612.0,1420.0
1043,SUTTER AV,04/18/2019,5,581.0,698.0
1085,WILSON AV,04/18/2019,5,793.0,1642.0
36,1 AV,04/19/2019,0,2816.0,2844.0
78,14 ST,04/19/2019,0,9453.0,3603.0
120,14 ST-UNION SQ,04/19/2019,0,15553.0,5234.0
162,3 AV,04/19/2019,0,1339.0,550.0
204,6 AV,04/19/2019,0,116.0,188.0
246,8 AV,04/19/2019,0,3411.0,1011.0
288,ATLANTIC AV,04/19/2019,0,96.0,79.0
330,BEDFORD AV,04/19/2019,0,2727.0,3406.0
372,BROADWAY JCT,04/19/2019,0,743.0,1351.0
414,BUSHWICK AV,04/19/2019,0,146.0,359.0
456,CANARSIE-ROCKAW,04/19/2019,0,472.0,329.0
498,DEKALB AV,04/19/2019,0,465.0,556.0
540,EAST 105 ST,04/19/2019,0,188.0,393.0
582,GRAHAM AV,04/19/2019,0,914.0,1424.0
624,GRAND ST,04/19/2019,0,501.0,1011.0
666,HALSEY ST,04/19/2019,0,518.0,1131.0
708,JEFFERSON ST,04/19/2019,0,885.0,398.0
750,LIVONIA AV,04/19/2019,0,116.0,224.0
792,LORIMER ST,04/19/2019,0,343.0,186.0
834,METROPOLITAN AV,04/19/2019,0,1317.0,1386.0
876,MONTROSE AV,04/19/2019,0,595.0,925.0
918,MORGAN AV,04/19/2019,0,914.0,748.0
960,MYRTLE-WYCKOFF,04/19/2019,0,1269.0,2711.0
1002,NEW LOTS,04/19/2019,0,254.0,563.0
1044,SUTTER AV,04/19/2019,0,192.0,397.0
1086,WILSON AV,04/19/2019,0,289.0,1073.0
37,1 AV,04/19/2019,1,23.0,62.0
79,14 ST,04/19/2019,1,1135.0,559.0
121,14 ST-UNION SQ,04/19/2019,1,1339.0,749.0
163,3 AV,04/19/2019,1,2.0,15.0
205,6 AV,04/19/2019,1,11.0,15.0
247,8 AV,04/19/2019,1,502.0,200.0
289,ATLANTIC AV,04/19/2019,1,23.0,22.0
331,BEDFORD AV,04/19/2019,1,0.0,53.0
373,BROADWAY JCT,04/19/2019,1,239.0,475.0
415,BUSHWICK AV,04/19/2019,1,18.0,62.0
457,CANARSIE-ROCKAW,04/19/2019,1,263.0,84.0
499,DEKALB AV,04/19/2019,1,69.0,79.0
541,EAST 105 ST,04/19/2019,1,58.0,137.0
583,GRAHAM AV,04/19/2019,1,1320.0,38038.0
625,GRAND ST,04/19/2019,1,74.0,83.0
667,HALSEY ST,04/19/2019,1,65.0,162.0
709,JEFFERSON ST,04/19/2019,1,246.0,80.0
751,LIVONIA AV,04/19/2019,1,52.0,52.0
793,LORIMER ST,04/19/2019,1,61.0,22.0
835,METROPOLITAN AV,04/19/2019,1,287.0,159.0
877,MONTROSE AV,04/19/2019,1,83.0,74.0
919,MORGAN AV,04/19/2019,1,91.0,91.0
961,MYRTLE-WYCKOFF,04/19/2019,1,199.0,641.0
1003,NEW LOTS,04/19/2019,1,92.0,150.0
1045,SUTTER AV,04/19/2019,1,83.0,104.0
1087,WILSON AV,04/19/2019,1,50.0,134.0
38,1 AV,04/19/2019,2,807.0,2116.0
80,14 ST,04/19/2019,2,1616.0,4287.0
122,14 ST-UNION SQ,04/19/2019,2,5093.0,15655.0
164,3 AV,04/19/2019,2,119.0,632.0
206,6 AV,04/19/2019,2,28.0,152.0
248,8 AV,04/19/2019,2,1128.0,2295.0
290,ATLANTIC AV,04/19/2019,2,229.0,51.0
332,BEDFORD AV,04/19/2019,2,1417.0,891.0
374,BROADWAY JCT,04/19/2019,2,1632.0,627.0
416,BUSHWICK AV,04/19/2019,2,330.0,47.0
458,CANARSIE-ROCKAW,04/19/2019,2,3427.0,186.0
500,DEKALB AV,04/19/2019,2,1440.0,134.0
542,EAST 105 ST,04/19/2019,2,994.0,427.0
584,GRAHAM AV,04/19/2019,2,513.0,37578.0
626,GRAND ST,04/19/2019,2,654.0,685.0
668,HALSEY ST,04/19/2019,2,1475.0,169.0
710,JEFFERSON ST,04/19/2019,2,756.0,122.0
752,LIVONIA AV,04/19/2019,2,650.0,312.0
794,LORIMER ST,04/19/2019,2,1193.0,80.0
836,METROPOLITAN AV,04/19/2019,2,1316.0,426.0
878,MONTROSE AV,04/19/2019,2,627.0,283.0
920,MORGAN AV,04/19/2019,2,564.0,274.0
962,MYRTLE-WYCKOFF,04/19/2019,2,3323.0,498.0
1004,NEW LOTS,04/19/2019,2,1312.0,482.0
1046,SUTTER AV,04/19/2019,2,847.0,270.0
1088,WILSON AV,04/19/2019,2,684.0,96.0
39,1 AV,04/19/2019,3,4052.0,3991.0
81,14 ST,04/19/2019,3,7401.0,12767.0
123,14 ST-UNION SQ,04/19/2019,3,14447.0,26101.0
165,3 AV,04/19/2019,3,701.0,1802.0
207,6 AV,04/19/2019,3,161.0,656.0
249,8 AV,04/19/2019,3,3508.0,4498.0
291,ATLANTIC AV,04/19/2019,3,330.0,110.0
333,BEDFORD AV,04/19/2019,3,7912.0,2817.0
375,BROADWAY JCT,04/19/2019,3,1974.0,954.0
417,BUSHWICK AV,04/19/2019,3,594.0,154.0
459,CANARSIE-ROCKAW,04/19/2019,3,1716.0,332.0
501,DEKALB AV,04/19/2019,3,2476.0,316.0
543,EAST 105 ST,04/19/2019,3,569.0,341.0
585,GRAHAM AV,04/19/2019,3,3525.0,813.0
627,GRAND ST,04/19/2019,3,1658.0,920.0
669,HALSEY ST,04/19/2019,3,2292.0,400.0
711,JEFFERSON ST,04/19/2019,3,2123.0,394.0
753,LIVONIA AV,04/19/2019,3,462.0,287.0
795,LORIMER ST,04/19/2019,3,1572.0,206.0
837,METROPOLITAN AV,04/19/2019,3,1843.0,830.0
879,MONTROSE AV,04/19/2019,3,2098.0,675.0
921,MORGAN AV,04/19/2019,3,2036.0,703.0
963,MYRTLE-WYCKOFF,04/19/2019,3,5702.0,1221.0
1005,NEW LOTS,04/19/2019,3,657.0,496.0
1047,SUTTER AV,04/19/2019,3,666.0,391.0
1089,WILSON AV,04/19/2019,3,1463.0,286.0
40,1 AV,04/19/2019,4,4371.0,4459.0
82,14 ST,04/19/2019,4,14241.0,10518.0
124,14 ST-UNION SQ,04/19/2019,4,30950.0,23410.0
166,3 AV,04/19/2019,4,1491.0,1303.0
208,6 AV,04/19/2019,4,99.0,477.0
250,8 AV,04/19/2019,4,7421.0,3672.0
292,ATLANTIC AV,04/19/2019,4,297.0,96.0
334,BEDFORD AV,04/19/2019,4,5793.0,4162.0
376,BROADWAY JCT,04/19/2019,4,1737.0,1558.0
418,BUSHWICK AV,04/19/2019,4,434.0,258.0
460,CANARSIE-ROCKAW,04/19/2019,4,1692.0,486.0
502,DEKALB AV,04/19/2019,4,1506.0,503.0
544,EAST 105 ST,04/19/2019,4,635.0,706.0
586,GRAHAM AV,04/19/2019,4,1742.0,1148.0
628,GRAND ST,04/19/2019,4,1278.0,1074.0
670,HALSEY ST,04/19/2019,4,1250.0,737.0
712,JEFFERSON ST,04/19/2019,4,1720.0,406.0
754,LIVONIA AV,04/19/2019,4,543.0,441.0
796,LORIMER ST,04/19/2019,4,880.0,310.0
838,METROPOLITAN AV,04/19/2019,4,1771.0,1304.0
880,MONTROSE AV,04/19/2019,4,1362.0,638.0
922,MORGAN AV,04/19/2019,4,1643.0,747.0
964,MYRTLE-WYCKOFF,04/19/2019,4,3606.0,2309.0
1006,NEW LOTS,04/19/2019,4,835.0,919.0
1048,SUTTER AV,04/19/2019,4,725.0,501.0
1090,WILSON AV,04/19/2019,4,822.0,624.0
41,1 AV,04/19/2019,5,5788.0,6012.0
83,14 ST,04/19/2019,5,18065.0,9652.0
125,14 ST-UNION SQ,04/19/2019,5,32218.0,18712.0
167,3 AV,04/19/2019,5,2084.0,1577.0
209,6 AV,04/19/2019,5,258.0,493.0
251,8 AV,04/19/2019,5,8308.0,3321.0
293,ATLANTIC AV,04/19/2019,5,328.0,162.0
335,BEDFORD AV,04/19/2019,5,7205.0,7158.0
377,BROADWAY JCT,04/19/2019,5,1511.0,2039.0
419,BUSHWICK AV,04/19/2019,5,414.0,454.0
461,CANARSIE-ROCKAW,04/19/2019,5,1323.0,643.0
503,DEKALB AV,04/19/2019,5,1406.0,800.0
545,EAST 105 ST,04/19/2019,5,390.0,819.0
587,GRAHAM AV,04/19/2019,5,1856.0,2060.0
629,GRAND ST,04/19/2019,5,1490.0,1736.0
671,HALSEY ST,04/19/2019,5,1211.0,1634.0
713,JEFFERSON ST,04/19/2019,5,1768.0,637.0
755,LIVONIA AV,04/19/2019,5,422.0,533.0
797,LORIMER ST,04/19/2019,5,1009.0,409.0
839,METROPOLITAN AV,04/19/2019,5,2232.0,2062.0
881,MONTROSE AV,04/19/2019,5,1493.0,1116.0
923,MORGAN AV,04/19/2019,5,1846.0,1168.0
965,MYRTLE-WYCKOFF,04/19/2019,5,3108.0,3531.0
1007,NEW LOTS,04/19/2019,5,536.0,1159.0
1049,SUTTER AV,04/19/2019,5,579.0,615.0
1091,WILSON AV,04/19/2019,5,672.0,1329.0
