,STATION,DATE,TIME,ENTRIES,EXITS
0,JAMAICA 179 ST,04/13/2019,0,0.0,0.0
1,169 ST,04/13/2019,0,0.0,0.0
2,PARSONS BLVD,04/13/2019,0,0.0,0.0
3,75 AV,04/13/2019,0,0.0,0.0
4,FOREST HILLS 71,04/13/2019,0,0.0,0.0
5,JKSN HT-ROOSVLT,04/13/2019,0,0.0,0.0
6,21 ST-QNSBRIDGE,04/13/2019,0,0.0,0.0
7,ROOSEVELT ISLND,04/13/2019,0,0.0,0.0
8,LEXINGTON AV/63,04/13/2019,0,0.0,0.0
9,57 ST,04/13/2019,0,0.0,0.0
10,47-50 STS ROCK,04/13/2019,0,0.0,0.0
11,42 ST-BRYANT PK,04/13/2019,0,0.0,0.0
12,34 ST-HERALD SQ,04/13/2019,0,0.0,0.0
13,23 ST,04/13/2019,0,0.0,0.0
14,14 ST,04/13/2019,0,0.0,0.0
15,W 4 ST-WASH SQ,04/13/2019,0,0.0,0.0
16,B'WAY-LAFAYETTE,04/13/2019,0,0.0,0.0
17,2 AV,04/13/2019,0,0.0,0.0
18,DELANCEY/ESSEX,04/13/2019,0,0.0,0.0
19,EAST BROADWAY,04/13/2019,0,0.0,0.0
20,YORK ST,04/13/2019,0,0.0,0.0
21,JAY ST-METROTEC,04/13/2019,0,0.0,0.0
22,BERGEN ST,04/13/2019,0,0.0,0.0
23,CARROLL ST,04/13/2019,0,0.0,0.0
24,SMITH-9 ST,04/13/2019,0,0.0,0.0
25,4 AV-9 ST,04/13/2019,0,0.0,0.0
26,7 AV,04/13/2019,0,0.0,0.0
27,15 ST-PROSPECT,04/13/2019,0,0.0,0.0
28,FT HAMILTON PKY,04/13/2019,0,0.0,0.0
29,CHURCH AV,04/13/2019,0,0.0,0.0
30,DITMAS AV,04/13/2019,0,0.0,0.0
31,18 AV,04/13/2019,0,0.0,0.0
32,AVENUE I,04/13/2019,0,0.0,0.0
33,BAY PKWY,04/13/2019,0,0.0,0.0
34,AVENUE N,04/13/2019,0,0.0,0.0
35,AVENUE P,04/13/2019,0,0.0,0.0
36,KINGS HWY,04/13/2019,0,0.0,0.0
37,AVENUE U,04/13/2019,0,0.0,0.0
38,AVENUE X,04/13/2019,0,0.0,0.0
39,NEPTUNE AV,04/13/2019,0,0.0,0.0
40,CONEY IS-STILLW,04/13/2019,0,0.0,0.0
41,JAMAICA 179 ST,04/13/2019,1,158.0,463.0
42,169 ST,04/13/2019,1,68.0,315.0
43,PARSONS BLVD,04/13/2019,1,65.0,428.0
44,75 AV,04/13/2019,1,30.0,8.0
45,FOREST HILLS 71,04/13/2019,1,185.0,216.0
46,JKSN HT-ROOSVLT,04/13/2019,1,991.0,2497.0
47,21 ST-QNSBRIDGE,04/13/2019,1,98.0,292.0
48,ROOSEVELT ISLND,04/13/2019,1,50.0,174.0
49,LEXINGTON AV/63,04/13/2019,1,287.0,329.0
50,57 ST,04/13/2019,1,0.0,14.0
51,47-50 STS ROCK,04/13/2019,1,1127.0,293.0
52,42 ST-BRYANT PK,04/13/2019,1,838.0,350.0
53,34 ST-HERALD SQ,04/13/2019,1,2581.0,1677.0
54,23 ST,04/13/2019,1,203.0,147.0
55,14 ST,04/13/2019,1,1244.0,690.0
56,W 4 ST-WASH SQ,04/13/2019,1,1667.0,582.0
57,B'WAY-LAFAYETTE,04/13/2019,1,326.0,249.0
58,2 AV,04/13/2019,1,828.0,241.0
59,DELANCEY/ESSEX,04/13/2019,1,979.0,264.0
60,EAST BROADWAY,04/13/2019,1,180.0,71.0
61,YORK ST,04/13/2019,1,31.0,25.0
62,JAY ST-METROTEC,04/13/2019,1,518.0,370.0
63,BERGEN ST,04/13/2019,1,110.0,67.0
64,CARROLL ST,04/13/2019,1,146.0,105.0
65,SMITH-9 ST,04/13/2019,1,70.0,124.0
66,4 AV-9 ST,04/13/2019,1,62.0,153.0
67,7 AV,04/13/2019,1,57.0,64.0
68,15 ST-PROSPECT,04/13/2019,1,37.0,73.0
69,FT HAMILTON PKY,04/13/2019,1,16.0,29.0
70,CHURCH AV,04/13/2019,1,70.0,371.0
71,DITMAS AV,04/13/2019,1,41.0,50.0
72,18 AV,04/13/2019,1,16.0,90.0
73,AVENUE I,04/13/2019,1,12.0,12.0
74,BAY PKWY,04/13/2019,1,6.0,3.0
75,AVENUE N,04/13/2019,1,16.0,16.0
76,AVENUE P,04/13/2019,1,21.0,30.0
77,KINGS HWY,04/13/2019,1,37.0,60.0
78,AVENUE U,04/13/2019,1,14.0,13.0
79,AVENUE X,04/13/2019,1,25.0,49.0
80,NEPTUNE AV,04/13/2019,1,4.0,4.0
81,CONEY IS-STILLW,04/13/2019,1,200.0,340.0
82,JAMAICA 179 ST,04/13/2019,2,1817.0,310.0
83,169 ST,04/13/2019,2,683.0,221.0
84,PARSONS BLVD,04/13/2019,2,691.0,252.0
85,75 AV,04/13/2019,2,111.0,20.0
86,FOREST HILLS 71,04/13/2019,2,1967.0,549.0
87,JKSN HT-ROOSVLT,04/13/2019,2,3918.0,1217.0
88,21 ST-QNSBRIDGE,04/13/2019,2,552.0,285.0
89,ROOSEVELT ISLND,04/13/2019,2,184.0,113.0
90,LEXINGTON AV/63,04/13/2019,2,257.0,757.0
91,57 ST,04/13/2019,2,3.0,11.0
92,47-50 STS ROCK,04/13/2019,2,466.0,1198.0
93,42 ST-BRYANT PK,04/13/2019,2,308.0,769.0
94,34 ST-HERALD SQ,04/13/2019,2,1905.0,3488.0
95,23 ST,04/13/2019,2,115.0,235.0
96,14 ST,04/13/2019,2,470.0,895.0
97,W 4 ST-WASH SQ,04/13/2019,2,1047.0,2096.0
98,B'WAY-LAFAYETTE,04/13/2019,2,196.0,1233.0
99,2 AV,04/13/2019,2,332.0,200.0
100,DELANCEY/ESSEX,04/13/2019,2,1073.0,744.0
101,EAST BROADWAY,04/13/2019,2,410.0,159.0
102,YORK ST,04/13/2019,2,227.0,136.0
103,JAY ST-METROTEC,04/13/2019,2,695.0,555.0
104,BERGEN ST,04/13/2019,2,376.0,313.0
105,CARROLL ST,04/13/2019,2,186.0,145.0
106,SMITH-9 ST,04/13/2019,2,189.0,269.0
107,4 AV-9 ST,04/13/2019,2,90.0,132.0
108,7 AV,04/13/2019,2,497.0,251.0
109,15 ST-PROSPECT,04/13/2019,2,211.0,80.0
110,FT HAMILTON PKY,04/13/2019,2,359.0,65.0
111,CHURCH AV,04/13/2019,2,766.0,187.0
112,DITMAS AV,04/13/2019,2,375.0,42.0
113,18 AV,04/13/2019,2,290.0,53.0
114,AVENUE I,04/13/2019,2,117.0,6.0
115,BAY PKWY,04/13/2019,2,179.0,29.0
116,AVENUE N,04/13/2019,2,322.0,26.0
117,AVENUE P,04/13/2019,2,188.0,14.0
118,KINGS HWY,04/13/2019,2,410.0,135.0
119,AVENUE U,04/13/2019,2,168.0,24.0
120,AVENUE X,04/13/2019,2,196.0,47.0
121,NEPTUNE AV,04/13/2019,2,107.0,19.0
122,CONEY IS-STILLW,04/13/2019,2,1470.0,966.0
123,JAMAICA 179 ST,04/13/2019,3,2658.0,649.0
124,169 ST,04/13/2019,3,1281.0,560.0
125,PARSONS BLVD,04/13/2019,3,1054.0,625.0
126,75 AV,04/13/2019,3,511.0,59.0
127,FOREST HILLS 71,04/13/2019,3,3844.0,1246.0
128,JKSN HT-ROOSVLT,04/13/2019,3,9316.0,3687.0
129,21 ST-QNSBRIDGE,04/13/2019,3,2660.0,568.0
130,ROOSEVELT ISLND,04/13/2019,3,1306.0,1945.0
131,LEXINGTON AV/63,04/13/2019,3,1634.0,2719.0
132,57 ST,04/13/2019,3,0.0,27.0
133,47-50 STS ROCK,04/13/2019,3,1991.0,4077.0
134,42 ST-BRYANT PK,04/13/2019,3,1760.0,2743.0
135,34 ST-HERALD SQ,04/13/2019,3,8878.0,14321.0
136,23 ST,04/13/2019,3,767.0,1120.0
137,14 ST,04/13/2019,3,2340.0,4008.0
138,W 4 ST-WASH SQ,04/13/2019,3,4284.0,8065.0
139,B'WAY-LAFAYETTE,04/13/2019,3,1333.0,5121.0
140,2 AV,04/13/2019,3,1366.0,945.0
141,DELANCEY/ESSEX,04/13/2019,3,3185.0,1996.0
142,EAST BROADWAY,04/13/2019,3,1679.0,590.0
143,YORK ST,04/13/2019,3,875.0,497.0
144,JAY ST-METROTEC,04/13/2019,3,3160.0,2996.0
145,BERGEN ST,04/13/2019,3,1818.0,1032.0
146,CARROLL ST,04/13/2019,3,1482.0,598.0
147,SMITH-9 ST,04/13/2019,3,558.0,832.0
148,4 AV-9 ST,04/13/2019,3,456.0,520.0
149,7 AV,04/13/2019,3,1923.0,699.0
150,15 ST-PROSPECT,04/13/2019,3,1032.0,394.0
151,FT HAMILTON PKY,04/13/2019,3,1138.0,195.0
152,CHURCH AV,04/13/2019,3,1950.0,615.0
153,DITMAS AV,04/13/2019,3,586.0,114.0
154,18 AV,04/13/2019,3,560.0,166.0
155,AVENUE I,04/13/2019,3,177.0,24.0
156,BAY PKWY,04/13/2019,3,200.0,53.0
157,AVENUE N,04/13/2019,3,348.0,47.0
158,AVENUE P,04/13/2019,3,348.0,79.0
159,KINGS HWY,04/13/2019,3,469.0,246.0
160,AVENUE U,04/13/2019,3,243.0,62.0
161,AVENUE X,04/13/2019,3,334.0,113.0
162,NEPTUNE AV,04/13/2019,3,200.0,42.0
163,CONEY IS-STILLW,04/13/2019,3,2193.0,2475.0
164,JAMAICA 179 ST,04/13/2019,4,2324.0,991.0
165,169 ST,04/13/2019,4,1480.0,888.0
166,PARSONS BLVD,04/13/2019,4,1165.0,815.0
167,75 AV,04/13/2019,4,526.0,45.0
168,FOREST HILLS 71,04/13/2019,4,3947.0,1830.0
169,JKSN HT-ROOSVLT,04/13/2019,4,10371.0,6304.0
170,21 ST-QNSBRIDGE,04/13/2019,4,2900.0,1001.0
171,ROOSEVELT ISLND,04/13/2019,4,2359.0,10725.0
172,LEXINGTON AV/63,04/13/2019,4,5543.0,3651.0
173,57 ST,04/13/2019,4,0.0,3.0
174,47-50 STS ROCK,04/13/2019,4,4380.0,5434.0
175,42 ST-BRYANT PK,04/13/2019,4,3863.0,4153.0
176,34 ST-HERALD SQ,04/13/2019,4,18218.0,20614.0
177,23 ST,04/13/2019,4,1881.0,1386.0
178,14 ST,04/13/2019,4,6131.0,6026.0
179,W 4 ST-WASH SQ,04/13/2019,4,9477.0,10113.0
180,B'WAY-LAFAYETTE,04/13/2019,4,3818.0,6855.0
181,2 AV,04/13/2019,4,2528.0,1481.0
182,DELANCEY/ESSEX,04/13/2019,4,4826.0,2321.0
183,EAST BROADWAY,04/13/2019,4,2187.0,646.0
184,YORK ST,04/13/2019,4,1893.0,674.0
185,JAY ST-METROTEC,04/13/2019,4,6221.0,3122.0
186,BERGEN ST,04/13/2019,4,2210.0,1248.0
187,CARROLL ST,04/13/2019,4,1976.0,904.0
188,SMITH-9 ST,04/13/2019,4,905.0,976.0
189,4 AV-9 ST,04/13/2019,4,664.0,719.0
190,7 AV,04/13/2019,4,2052.0,909.0
191,15 ST-PROSPECT,04/13/2019,4,1253.0,720.0
192,FT HAMILTON PKY,04/13/2019,4,1002.0,315.0
193,CHURCH AV,04/13/2019,4,1847.0,934.0
194,DITMAS AV,04/13/2019,4,504.0,240.0
195,18 AV,04/13/2019,4,507.0,317.0
196,AVENUE I,04/13/2019,4,285.0,34.0
197,BAY PKWY,04/13/2019,4,177.0,62.0
198,AVENUE N,04/13/2019,4,377.0,102.0
199,AVENUE P,04/13/2019,4,340.0,90.0
200,KINGS HWY,04/13/2019,4,517.0,350.0
201,AVENUE U,04/13/2019,4,282.0,92.0
202,AVENUE X,04/13/2019,4,386.0,146.0
203,NEPTUNE AV,04/13/2019,4,174.0,62.0
204,CONEY IS-STILLW,04/13/2019,4,4199.0,3767.0
205,JAMAICA 179 ST,04/13/2019,5,1648.0,1531.0
206,169 ST,04/13/2019,5,1131.0,1377.0
207,PARSONS BLVD,04/13/2019,5,808.0,1300.0
208,75 AV,04/13/2019,5,420.0,33.0
209,FOREST HILLS 71,04/13/2019,5,2694.0,2110.0
210,JKSN HT-ROOSVLT,04/13/2019,5,8171.0,8365.0
211,21 ST-QNSBRIDGE,04/13/2019,5,3765.0,1403.0
212,ROOSEVELT ISLND,04/13/2019,5,3526.0,3817.0
213,LEXINGTON AV/63,04/13/2019,5,4020.0,3601.0
214,57 ST,04/13/2019,5,0.0,0.0
215,47-50 STS ROCK,04/13/2019,5,7271.0,5675.0
216,42 ST-BRYANT PK,04/13/2019,5,5519.0,4215.0
217,34 ST-HERALD SQ,04/13/2019,5,22075.0,22591.0
218,23 ST,04/13/2019,5,2177.0,1293.0
219,14 ST,04/13/2019,5,7587.0,5950.0
220,W 4 ST-WASH SQ,04/13/2019,5,10844.0,10393.0
221,B'WAY-LAFAYETTE,04/13/2019,5,4769.0,5879.0
222,2 AV,04/13/2019,5,2956.0,1681.0
223,DELANCEY/ESSEX,04/13/2019,5,4585.0,2452.0
224,EAST BROADWAY,04/13/2019,5,1984.0,744.0
225,YORK ST,04/13/2019,5,2262.0,419.0
226,JAY ST-METROTEC,04/13/2019,5,5611.0,2816.0
227,BERGEN ST,04/13/2019,5,1955.0,1167.0
228,CARROLL ST,04/13/2019,5,1961.0,1050.0
229,SMITH-9 ST,04/13/2019,5,818.0,836.0
230,4 AV-9 ST,04/13/2019,5,629.0,869.0
231,7 AV,04/13/2019,5,1805.0,795.0
232,15 ST-PROSPECT,04/13/2019,5,1156.0,728.0
233,FT HAMILTON PKY,04/13/2019,5,715.0,346.0
234,CHURCH AV,04/13/2019,5,1372.0,1310.0
235,DITMAS AV,04/13/2019,5,312.0,357.0
236,18 AV,04/13/2019,5,330.0,444.0
237,AVENUE I,04/13/2019,5,184.0,46.0
238,BAY PKWY,04/13/2019,5,172.0,69.0
239,AVENUE N,04/13/2019,5,237.0,140.0
240,AVENUE P,04/13/2019,5,260.0,147.0
241,KINGS HWY,04/13/2019,5,330.0,467.0
242,AVENUE U,04/13/2019,5,181.0,84.0
243,AVENUE X,04/13/2019,5,232.0,154.0
244,NEPTUNE AV,04/13/2019,5,117.0,57.0
245,CONEY IS-STILLW,04/13/2019,5,4279.0,2570.0
246,JAMAICA 179 ST,04/14/2019,0,736.0,1015.0
247,169 ST,04/14/2019,0,437.0,921.0
248,PARSONS BLVD,04/14/2019,0,349.0,870.0
249,75 AV,04/14/2019,0,181.0,1.0
250,FOREST HILLS 71,04/14/2019,0,1067.0,1006.0
251,JKSN HT-ROOSVLT,04/14/2019,0,4458.0,5303.0
252,21 ST-QNSBRIDGE,04/14/2019,0,680.0,1343.0
253,ROOSEVELT ISLND,04/14/2019,0,862.0,875.0
254,LEXINGTON AV/63,04/14/2019,0,1689.0,1316.0
255,57 ST,04/14/2019,0,0.0,3.0
256,47-50 STS ROCK,04/14/2019,0,4947.0,1729.0
257,42 ST-BRYANT PK,04/14/2019,0,3521.0,1728.0
258,34 ST-HERALD SQ,04/14/2019,0,13061.0,11505.0
259,23 ST,04/14/2019,0,1001.0,754.0
260,14 ST,04/14/2019,0,4938.0,3077.0
261,W 4 ST-WASH SQ,04/14/2019,0,9067.0,4398.0
262,B'WAY-LAFAYETTE,04/14/2019,0,1891.0,2098.0
263,2 AV,04/14/2019,0,2342.0,1090.0
264,DELANCEY/ESSEX,04/14/2019,0,3553.0,1501.0
265,EAST BROADWAY,04/14/2019,0,994.0,414.0
266,YORK ST,04/14/2019,0,606.0,115.0
267,JAY ST-METROTEC,04/14/2019,0,2804.0,1716.0
268,BERGEN ST,04/14/2019,0,968.0,477.0
269,CARROLL ST,04/14/2019,0,1087.0,553.0
270,SMITH-9 ST,04/14/2019,0,437.0,512.0
271,4 AV-9 ST,04/14/2019,0,284.0,488.0
272,7 AV,04/14/2019,0,651.0,403.0
273,15 ST-PROSPECT,04/14/2019,0,354.0,412.0
274,FT HAMILTON PKY,04/14/2019,0,154.0,242.0
275,CHURCH AV,04/14/2019,0,520.0,939.0
276,DITMAS AV,04/14/2019,0,90.0,236.0
277,18 AV,04/14/2019,0,139.0,287.0
278,AVENUE I,04/14/2019,0,78.0,15.0
279,BAY PKWY,04/14/2019,0,62.0,26.0
280,AVENUE N,04/14/2019,0,93.0,66.0
281,AVENUE P,04/14/2019,0,98.0,95.0
282,KINGS HWY,04/14/2019,0,104.0,202.0
283,AVENUE U,04/14/2019,0,55.0,42.0
284,AVENUE X,04/14/2019,0,130.0,123.0
285,NEPTUNE AV,04/14/2019,0,37.0,16.0
286,CONEY IS-STILLW,04/14/2019,0,979.0,1300.0
287,JAMAICA 179 ST,04/14/2019,1,17169.0,39766.0
288,169 ST,04/14/2019,1,57.0,449.0
289,PARSONS BLVD,04/14/2019,1,73.0,416.0
290,75 AV,04/14/2019,1,29.0,8.0
291,FOREST HILLS 71,04/14/2019,1,224.0,233.0
292,JKSN HT-ROOSVLT,04/14/2019,1,982.0,2311.0
293,21 ST-QNSBRIDGE,04/14/2019,1,139.0,484.0
294,ROOSEVELT ISLND,04/14/2019,1,75.0,240.0
295,LEXINGTON AV/63,04/14/2019,1,370.0,403.0
296,57 ST,04/14/2019,1,0.0,2.0
297,47-50 STS ROCK,04/14/2019,1,1174.0,319.0
298,42 ST-BRYANT PK,04/14/2019,1,933.0,403.0
299,34 ST-HERALD SQ,04/14/2019,1,2815.0,2112.0
300,23 ST,04/14/2019,1,242.0,154.0
301,14 ST,04/14/2019,1,1532.0,841.0
302,W 4 ST-WASH SQ,04/14/2019,1,2051.0,779.0
303,B'WAY-LAFAYETTE,04/14/2019,1,351.0,286.0
304,2 AV,04/14/2019,1,1079.0,203.0
305,DELANCEY/ESSEX,04/14/2019,1,1521.0,256.0
306,EAST BROADWAY,04/14/2019,1,232.0,68.0
307,YORK ST,04/14/2019,1,71.0,28.0
308,JAY ST-METROTEC,04/14/2019,1,555.0,465.0
309,BERGEN ST,04/14/2019,1,107.0,76.0
310,CARROLL ST,04/14/2019,1,179.0,127.0
311,SMITH-9 ST,04/14/2019,1,91.0,186.0
312,4 AV-9 ST,04/14/2019,1,69.0,159.0
313,7 AV,04/14/2019,1,77.0,43.0
314,15 ST-PROSPECT,04/14/2019,1,53.0,97.0
315,FT HAMILTON PKY,04/14/2019,1,14.0,32.0
316,CHURCH AV,04/14/2019,1,90.0,390.0
317,DITMAS AV,04/14/2019,1,48.0,65.0
318,18 AV,04/14/2019,1,36.0,111.0
319,AVENUE I,04/14/2019,1,17.0,11.0
320,BAY PKWY,04/14/2019,1,5.0,5.0
321,AVENUE N,04/14/2019,1,16.0,16.0
322,AVENUE P,04/14/2019,1,22.0,35.0
323,KINGS HWY,04/14/2019,1,22.0,58.0
324,AVENUE U,04/14/2019,1,14.0,16.0
325,AVENUE X,04/14/2019,1,23.0,48.0
326,NEPTUNE AV,04/14/2019,1,11.0,10.0
327,CONEY IS-STILLW,04/14/2019,1,239.0,477.0
328,JAMAICA 179 ST,04/14/2019,2,15953.0,38937.0
329,169 ST,04/14/2019,2,448.0,188.0
330,PARSONS BLVD,04/14/2019,2,459.0,239.0
331,75 AV,04/14/2019,2,79.0,23.0
332,FOREST HILLS 71,04/14/2019,2,1146.0,517.0
333,JKSN HT-ROOSVLT,04/14/2019,2,2567.0,941.0
334,21 ST-QNSBRIDGE,04/14/2019,2,496.0,217.0
335,ROOSEVELT ISLND,04/14/2019,2,114.0,122.0
336,LEXINGTON AV/63,04/14/2019,2,221.0,510.0
337,57 ST,04/14/2019,2,0.0,5.0
338,47-50 STS ROCK,04/14/2019,2,366.0,773.0
339,42 ST-BRYANT PK,04/14/2019,2,300.0,487.0
340,34 ST-HERALD SQ,04/14/2019,2,1554.0,2371.0
341,23 ST,04/14/2019,2,108.0,108.0
342,14 ST,04/14/2019,2,406.0,588.0
343,W 4 ST-WASH SQ,04/14/2019,2,796.0,1520.0
344,B'WAY-LAFAYETTE,04/14/2019,2,136.0,828.0
345,2 AV,04/14/2019,2,287.0,188.0
346,DELANCEY/ESSEX,04/14/2019,2,773.0,535.0
347,EAST BROADWAY,04/14/2019,2,261.0,112.0
348,YORK ST,04/14/2019,2,167.0,101.0
349,JAY ST-METROTEC,04/14/2019,2,548.0,367.0
350,BERGEN ST,04/14/2019,2,279.0,213.0
351,CARROLL ST,04/14/2019,2,147.0,102.0
352,SMITH-9 ST,04/14/2019,2,96.0,139.0
353,4 AV-9 ST,04/14/2019,2,65.0,83.0
354,7 AV,04/14/2019,2,366.0,128.0
355,15 ST-PROSPECT,04/14/2019,2,146.0,90.0
356,FT HAMILTON PKY,04/14/2019,2,253.0,63.0
357,CHURCH AV,04/14/2019,2,503.0,249.0
358,DITMAS AV,04/14/2019,2,273.0,92.0
359,18 AV,04/14/2019,2,198.0,93.0
360,AVENUE I,04/14/2019,2,98.0,23.0
361,BAY PKWY,04/14/2019,2,158.0,29.0
362,AVENUE N,04/14/2019,2,238.0,48.0
363,AVENUE P,04/14/2019,2,133.0,25.0
364,KINGS HWY,04/14/2019,2,307.0,125.0
365,AVENUE U,04/14/2019,2,140.0,46.0
366,AVENUE X,04/14/2019,2,133.0,34.0
367,NEPTUNE AV,04/14/2019,2,80.0,24.0
368,CONEY IS-STILLW,04/14/2019,2,1157.0,758.0
369,JAMAICA 179 ST,04/14/2019,3,1628.0,511.0
370,169 ST,04/14/2019,3,907.0,515.0
371,PARSONS BLVD,04/14/2019,3,784.0,457.0
372,75 AV,04/14/2019,3,363.0,47.0
373,FOREST HILLS 71,04/14/2019,3,2916.0,1019.0
374,JKSN HT-ROOSVLT,04/14/2019,3,6339.0,2812.0
375,21 ST-QNSBRIDGE,04/14/2019,3,2285.0,403.0
376,ROOSEVELT ISLND,04/14/2019,3,1230.0,529.0
377,LEXINGTON AV/63,04/14/2019,3,1198.0,1894.0
378,57 ST,04/14/2019,3,0.0,2.0
379,47-50 STS ROCK,04/14/2019,3,20217.0,13748.0
380,42 ST-BRYANT PK,04/14/2019,3,1399.0,1773.0
381,34 ST-HERALD SQ,04/14/2019,3,6903.0,11546.0
382,23 ST,04/14/2019,3,579.0,717.0
383,14 ST,04/14/2019,3,1786.0,3148.0
384,W 4 ST-WASH SQ,04/14/2019,3,3683.0,6702.0
385,B'WAY-LAFAYETTE,04/14/2019,3,922.0,3845.0
386,2 AV,04/14/2019,3,1122.0,846.0
387,DELANCEY/ESSEX,04/14/2019,3,2560.0,1472.0
388,EAST BROADWAY,04/14/2019,3,1252.0,588.0
389,YORK ST,04/14/2019,3,810.0,506.0
390,JAY ST-METROTEC,04/14/2019,3,2720.0,2228.0
391,BERGEN ST,04/14/2019,3,1447.0,939.0
392,CARROLL ST,04/14/2019,3,1104.0,453.0
393,SMITH-9 ST,04/14/2019,3,392.0,452.0
394,4 AV-9 ST,04/14/2019,3,390.0,379.0
395,7 AV,04/14/2019,3,1554.0,544.0
396,15 ST-PROSPECT,04/14/2019,3,825.0,325.0
397,FT HAMILTON PKY,04/14/2019,3,959.0,195.0
398,CHURCH AV,04/14/2019,3,1623.0,566.0
399,DITMAS AV,04/14/2019,3,536.0,194.0
400,18 AV,04/14/2019,3,518.0,317.0
401,AVENUE I,04/14/2019,3,227.0,16.0
402,BAY PKWY,04/14/2019,3,211.0,51.0
403,AVENUE N,04/14/2019,3,379.0,96.0
404,AVENUE P,04/14/2019,3,350.0,87.0
405,KINGS HWY,04/14/2019,3,456.0,256.0
406,AVENUE U,04/14/2019,3,242.0,100.0
407,AVENUE X,04/14/2019,3,301.0,78.0
408,NEPTUNE AV,04/14/2019,3,143.0,41.0
409,CONEY IS-STILLW,04/14/2019,3,1855.0,2441.0
410,JAMAICA 179 ST,04/14/2019,4,1713.0,695.0
411,169 ST,04/14/2019,4,1057.0,784.0
412,PARSONS BLVD,04/14/2019,4,842.0,587.0
413,75 AV,04/14/2019,4,418.0,80.0
414,FOREST HILLS 71,04/14/2019,4,3031.0,1429.0
415,JKSN HT-ROOSVLT,04/14/2019,4,7920.0,5267.0
416,21 ST-QNSBRIDGE,04/14/2019,4,1772.0,809.0
417,ROOSEVELT ISLND,04/14/2019,4,2042.0,1772.0
418,LEXINGTON AV/63,04/14/2019,4,2370.0,2559.0
419,57 ST,04/14/2019,4,0.0,7.0
420,47-50 STS ROCK,04/14/2019,4,15302.0,6382.0
421,42 ST-BRYANT PK,04/14/2019,4,2687.0,3106.0
422,34 ST-HERALD SQ,04/14/2019,4,14139.0,17074.0
423,23 ST,04/14/2019,4,1265.0,1194.0
424,14 ST,04/14/2019,4,4832.0,5000.0
425,W 4 ST-WASH SQ,04/14/2019,4,8099.0,7945.0
426,B'WAY-LAFAYETTE,04/14/2019,4,3099.0,5203.0
427,2 AV,04/14/2019,4,2090.0,1320.0
428,DELANCEY/ESSEX,04/14/2019,4,3853.0,1815.0
429,EAST BROADWAY,04/14/2019,4,1802.0,626.0
430,YORK ST,04/14/2019,4,1906.0,688.0
431,JAY ST-METROTEC,04/14/2019,4,4590.0,2426.0
432,BERGEN ST,04/14/2019,4,1861.0,1134.0
433,CARROLL ST,04/14/2019,4,1531.0,719.0
434,SMITH-9 ST,04/14/2019,4,675.0,715.0
435,4 AV-9 ST,04/14/2019,4,559.0,629.0
436,7 AV,04/14/2019,4,1682.0,567.0
437,15 ST-PROSPECT,04/14/2019,4,934.0,648.0
438,FT HAMILTON PKY,04/14/2019,4,864.0,347.0
439,CHURCH AV,04/14/2019,4,1585.0,849.0
440,DITMAS AV,04/14/2019,4,552.0,240.0
441,18 AV,04/14/2019,4,513.0,275.0
442,AVENUE I,04/14/2019,4,325.0,28.0
443,BAY PKWY,04/14/2019,4,175.0,51.0
444,AVENUE N,04/14/2019,4,349.0,105.0
445,AVENUE P,04/14/2019,4,317.0,79.0
446,KINGS HWY,04/14/2019,4,387.0,320.0
447,AVENUE U,04/14/2019,4,190.0,87.0
448,AVENUE X,04/14/2019,4,274.0,113.0
449,NEPTUNE AV,04/14/2019,4,164.0,49.0
450,CONEY IS-STILLW,04/14/2019,4,3952.0,2882.0
451,JAMAICA 179 ST,04/14/2019,5,1149.0,1100.0
452,169 ST,04/14/2019,5,873.0,1134.0
453,PARSONS BLVD,04/14/2019,5,609.0,888.0
454,75 AV,04/14/2019,5,274.0,2.0
455,FOREST HILLS 71,04/14/2019,5,1896.0,1506.0
456,JKSN HT-ROOSVLT,04/14/2019,5,6350.0,7356.0
457,21 ST-QNSBRIDGE,04/14/2019,5,1250.0,1188.0
458,ROOSEVELT ISLND,04/14/2019,5,1662.0,1361.0
459,LEXINGTON AV/63,04/14/2019,5,2402.0,1941.0
460,57 ST,04/14/2019,5,1.0,10.0
461,47-50 STS ROCK,04/14/2019,5,5640.0,3511.0
462,42 ST-BRYANT PK,04/14/2019,5,3719.0,2855.0
463,34 ST-HERALD SQ,04/14/2019,5,16991.0,17051.0
464,23 ST,04/14/2019,5,1585.0,1052.0
465,14 ST,04/14/2019,5,5543.0,4090.0
466,W 4 ST-WASH SQ,04/14/2019,5,7519.0,5907.0
467,B'WAY-LAFAYETTE,04/14/2019,5,3300.0,3634.0
468,2 AV,04/14/2019,5,2311.0,990.0
469,DELANCEY/ESSEX,04/14/2019,5,3713.0,1427.0
470,EAST BROADWAY,04/14/2019,5,1550.0,548.0
471,YORK ST,04/14/2019,5,1326.0,294.0
472,JAY ST-METROTEC,04/14/2019,5,15158.0,19252.0
473,BERGEN ST,04/14/2019,5,1381.0,762.0
474,CARROLL ST,04/14/2019,5,1206.0,748.0
475,SMITH-9 ST,04/14/2019,5,627.0,641.0
476,4 AV-9 ST,04/14/2019,5,480.0,711.0
477,7 AV,04/14/2019,5,1230.0,421.0
478,15 ST-PROSPECT,04/14/2019,5,645.0,508.0
479,FT HAMILTON PKY,04/14/2019,5,437.0,280.0
480,CHURCH AV,04/14/2019,5,1072.0,1205.0
481,DITMAS AV,04/14/2019,5,384.0,297.0
482,18 AV,04/14/2019,5,449.0,419.0
483,AVENUE I,04/14/2019,5,259.0,40.0
484,BAY PKWY,04/14/2019,5,128.0,59.0
485,AVENUE N,04/14/2019,5,262.0,127.0
486,AVENUE P,04/14/2019,5,205.0,130.0
487,KINGS HWY,04/14/2019,5,280.0,353.0
488,AVENUE U,04/14/2019,5,155.0,80.0
489,AVENUE X,04/14/2019,5,196.0,180.0
490,NEPTUNE AV,04/14/2019,5,88.0,48.0
491,CONEY IS-STILLW,04/14/2019,5,2399.0,1981.0
492,JAMAICA 179 ST,04/15/2019,0,636.0,902.0
493,169 ST,04/15/2019,0,332.0,846.0
494,PARSONS BLVD,04/15/2019,0,224.0,880.0
495,75 AV,04/15/2019,0,146.0,1.0
496,FOREST HILLS 71,04/15/2019,0,757.0,611.0
497,JKSN HT-ROOSVLT,04/15/2019,0,3853.0,4178.0
498,21 ST-QNSBRIDGE,04/15/2019,0,389.0,971.0
499,ROOSEVELT ISLND,04/15/2019,0,280.0,666.0
500,LEXINGTON AV/63,04/15/2019,0,1053.0,839.0
501,57 ST,04/15/2019,0,0.0,8.0
502,47-50 STS ROCK,04/15/2019,0,2506.0,815.0
503,42 ST-BRYANT PK,04/15/2019,0,2077.0,895.0
504,34 ST-HERALD SQ,04/15/2019,0,8409.0,5814.0
505,23 ST,04/15/2019,0,605.0,345.0
506,14 ST,04/15/2019,0,3097.0,1515.0
507,W 4 ST-WASH SQ,04/15/2019,0,4657.0,1787.0
508,B'WAY-LAFAYETTE,04/15/2019,0,815.0,765.0
509,2 AV,04/15/2019,0,1215.0,463.0
510,DELANCEY/ESSEX,04/15/2019,0,1841.0,606.0
511,EAST BROADWAY,04/15/2019,0,682.0,234.0
512,YORK ST,04/15/2019,0,307.0,68.0
513,JAY ST-METROTEC,04/15/2019,0,20849.0,22400.0
514,BERGEN ST,04/15/2019,0,513.0,225.0
515,CARROLL ST,04/15/2019,0,559.0,266.0
516,SMITH-9 ST,04/15/2019,0,306.0,343.0
517,4 AV-9 ST,04/15/2019,0,233.0,388.0
518,7 AV,04/15/2019,0,366.0,181.0
519,15 ST-PROSPECT,04/15/2019,0,215.0,230.0
520,FT HAMILTON PKY,04/15/2019,0,88.0,137.0
521,CHURCH AV,04/15/2019,0,382.0,825.0
522,DITMAS AV,04/15/2019,0,120.0,190.0
523,18 AV,04/15/2019,0,169.0,241.0
524,AVENUE I,04/15/2019,0,73.0,15.0
525,BAY PKWY,04/15/2019,0,35.0,20.0
526,AVENUE N,04/15/2019,0,67.0,83.0
527,AVENUE P,04/15/2019,0,74.0,96.0
528,KINGS HWY,04/15/2019,0,80.0,130.0
529,AVENUE U,04/15/2019,0,50.0,39.0
530,AVENUE X,04/15/2019,0,96.0,99.0
531,NEPTUNE AV,04/15/2019,0,30.0,25.0
532,CONEY IS-STILLW,04/15/2019,0,459.0,1020.0
533,JAMAICA 179 ST,04/15/2019,1,180.0,305.0
534,169 ST,04/15/2019,1,64.0,247.0
535,PARSONS BLVD,04/15/2019,1,59.0,288.0
536,75 AV,04/15/2019,1,21.0,1.0
537,FOREST HILLS 71,04/15/2019,1,209.0,97.0
538,JKSN HT-ROOSVLT,04/15/2019,1,784.0,1116.0
539,21 ST-QNSBRIDGE,04/15/2019,1,91.0,188.0
540,ROOSEVELT ISLND,04/15/2019,1,27.0,98.0
541,LEXINGTON AV/63,04/15/2019,1,158.0,177.0
542,57 ST,04/15/2019,1,1.0,18.0
543,47-50 STS ROCK,04/15/2019,1,393.0,160.0
544,42 ST-BRYANT PK,04/15/2019,1,362.0,177.0
545,34 ST-HERALD SQ,04/15/2019,1,1041.0,808.0
546,23 ST,04/15/2019,1,84.0,32.0
547,14 ST,04/15/2019,1,406.0,276.0
548,W 4 ST-WASH SQ,04/15/2019,1,597.0,280.0
549,B'WAY-LAFAYETTE,04/15/2019,1,6970.0,21754.0
550,2 AV,04/15/2019,1,188.0,98.0
551,DELANCEY/ESSEX,04/15/2019,1,287.0,116.0
552,EAST BROADWAY,04/15/2019,1,112.0,33.0
553,YORK ST,04/15/2019,1,23.0,21.0
554,JAY ST-METROTEC,04/15/2019,1,240.0,196.0
555,BERGEN ST,04/15/2019,1,45.0,21.0
556,CARROLL ST,04/15/2019,1,66.0,40.0
557,SMITH-9 ST,04/15/2019,1,32.0,67.0
558,4 AV-9 ST,04/15/2019,1,36.0,60.0
559,7 AV,04/15/2019,1,40.0,29.0
560,15 ST-PROSPECT,04/15/2019,1,27.0,29.0
561,FT HAMILTON PKY,04/15/2019,1,21.0,13.0
562,CHURCH AV,04/15/2019,1,77.0,230.0
563,DITMAS AV,04/15/2019,1,45.0,30.0
564,18 AV,04/15/2019,1,33.0,37.0
565,AVENUE I,04/15/2019,1,17.0,11.0
566,BAY PKWY,04/15/2019,1,13.0,8.0
567,AVENUE N,04/15/2019,1,37.0,13.0
568,AVENUE P,04/15/2019,1,14.0,19.0
569,KINGS HWY,04/15/2019,1,51.0,34.0
570,AVENUE U,04/15/2019,1,24.0,7.0
571,AVENUE X,04/15/2019,1,20.0,30.0
572,NEPTUNE AV,04/15/2019,1,16.0,8.0
573,CONEY IS-STILLW,04/15/2019,1,225.0,232.0
574,JAMAICA 179 ST,04/15/2019,2,8671.0,610.0
575,169 ST,04/15/2019,2,2095.0,541.0
576,PARSONS BLVD,04/15/2019,2,1899.0,817.0
577,75 AV,04/15/2019,2,863.0,18.0
578,FOREST HILLS 71,04/15/2019,2,10891.0,1449.0
579,JKSN HT-ROOSVLT,04/15/2019,2,10484.0,1864.0
580,21 ST-QNSBRIDGE,04/15/2019,2,1690.0,1070.0
581,ROOSEVELT ISLND,04/15/2019,2,979.0,574.0
582,LEXINGTON AV/63,04/15/2019,2,906.0,2594.0
583,57 ST,04/15/2019,2,473.0,3864.0
584,47-50 STS ROCK,04/15/2019,2,480.0,9349.0
585,42 ST-BRYANT PK,04/15/2019,2,732.0,4737.0
586,34 ST-HERALD SQ,04/15/2019,2,5859.0,9522.0
587,23 ST,04/15/2019,2,777.0,2133.0
588,14 ST,04/15/2019,2,1316.0,2513.0
589,W 4 ST-WASH SQ,04/15/2019,2,4330.0,6339.0
590,B'WAY-LAFAYETTE,04/15/2019,2,5978.0,17019.0
591,2 AV,04/15/2019,2,1187.0,1413.0
592,DELANCEY/ESSEX,04/15/2019,2,5189.0,4118.0
593,EAST BROADWAY,04/15/2019,2,1480.0,746.0
594,YORK ST,04/15/2019,2,1486.0,942.0
595,JAY ST-METROTEC,04/15/2019,2,616.0,10470.0
596,BERGEN ST,04/15/2019,2,3056.0,1031.0
597,CARROLL ST,04/15/2019,2,1527.0,491.0
598,SMITH-9 ST,04/15/2019,2,571.0,945.0
599,4 AV-9 ST,04/15/2019,2,394.0,517.0
600,7 AV,04/15/2019,2,3895.0,969.0
601,15 ST-PROSPECT,04/15/2019,2,2033.0,299.0
602,FT HAMILTON PKY,04/15/2019,2,2858.0,140.0
603,CHURCH AV,04/15/2019,2,2685.0,380.0
604,DITMAS AV,04/15/2019,2,1638.0,289.0
605,18 AV,04/15/2019,2,932.0,180.0
606,AVENUE I,04/15/2019,2,503.0,110.0
607,BAY PKWY,04/15/2019,2,481.0,118.0
608,AVENUE N,04/15/2019,2,1385.0,208.0
609,AVENUE P,04/15/2019,2,786.0,53.0
610,KINGS HWY,04/15/2019,2,1610.0,522.0
611,AVENUE U,04/15/2019,2,825.0,216.0
612,AVENUE X,04/15/2019,2,869.0,158.0
613,NEPTUNE AV,04/15/2019,2,596.0,140.0
614,CONEY IS-STILLW,04/15/2019,2,4049.0,1734.0
615,JAMAICA 179 ST,04/15/2019,3,6810.0,878.0
616,169 ST,04/15/2019,3,2334.0,1286.0
617,PARSONS BLVD,04/15/2019,3,1876.0,1254.0
618,75 AV,04/15/2019,3,1506.0,53.0
619,FOREST HILLS 71,04/15/2019,3,6096.0,1925.0
620,JKSN HT-ROOSVLT,04/15/2019,3,16127.0,4212.0
621,21 ST-QNSBRIDGE,04/15/2019,3,4164.0,1186.0
622,ROOSEVELT ISLND,04/15/2019,3,3135.0,984.0
623,LEXINGTON AV/63,04/15/2019,3,5340.0,30657.0
624,57 ST,04/15/2019,3,1565.0,4460.0
625,47-50 STS ROCK,04/15/2019,3,4354.0,38070.0
626,42 ST-BRYANT PK,04/15/2019,3,3827.0,20863.0
627,34 ST-HERALD SQ,04/15/2019,3,20924.0,39467.0
628,23 ST,04/15/2019,3,4162.0,9514.0
629,14 ST,04/15/2019,3,6501.0,10266.0
630,W 4 ST-WASH SQ,04/15/2019,3,5550.0,11139.0
631,B'WAY-LAFAYETTE,04/15/2019,3,2495.0,9644.0
632,2 AV,04/15/2019,3,4242.0,3766.0
633,DELANCEY/ESSEX,04/15/2019,3,4950.0,3765.0
634,EAST BROADWAY,04/15/2019,3,3661.0,2326.0
635,YORK ST,04/15/2019,3,1820.0,2416.0
636,JAY ST-METROTEC,04/15/2019,3,7550.0,8919.0
637,BERGEN ST,04/15/2019,3,2462.0,1364.0
638,CARROLL ST,04/15/2019,3,4949.0,1070.0
639,SMITH-9 ST,04/15/2019,3,1180.0,1424.0
640,4 AV-9 ST,04/15/2019,3,1092.0,865.0
641,7 AV,04/15/2019,3,2560.0,786.0
642,15 ST-PROSPECT,04/15/2019,3,2004.0,333.0
643,FT HAMILTON PKY,04/15/2019,3,1455.0,175.0
644,CHURCH AV,04/15/2019,3,3509.0,996.0
645,DITMAS AV,04/15/2019,3,829.0,311.0
646,18 AV,04/15/2019,3,1022.0,550.0
647,AVENUE I,04/15/2019,3,358.0,54.0
648,BAY PKWY,04/15/2019,3,223.0,75.0
649,AVENUE N,04/15/2019,3,586.0,142.0
650,AVENUE P,04/15/2019,3,868.0,173.0
651,KINGS HWY,04/15/2019,3,692.0,508.0
652,AVENUE U,04/15/2019,3,343.0,131.0
653,AVENUE X,04/15/2019,3,743.0,256.0
654,NEPTUNE AV,04/15/2019,3,282.0,79.0
655,CONEY IS-STILLW,04/15/2019,3,2320.0,1802.0
656,JAMAICA 179 ST,04/15/2019,4,2775.0,1653.0
657,169 ST,04/15/2019,4,1849.0,1402.0
658,PARSONS BLVD,04/15/2019,4,1634.0,1374.0
659,75 AV,04/15/2019,4,504.0,43.0
660,FOREST HILLS 71,04/15/2019,4,4922.0,3551.0
661,JKSN HT-ROOSVLT,04/15/2019,4,9203.0,7906.0
662,21 ST-QNSBRIDGE,04/15/2019,4,2244.0,1311.0
663,ROOSEVELT ISLND,04/15/2019,4,1536.0,1303.0
664,LEXINGTON AV/63,04/15/2019,4,12924.0,39651.0
665,57 ST,04/15/2019,4,3629.0,2105.0
666,47-50 STS ROCK,04/15/2019,4,10982.0,9704.0
667,42 ST-BRYANT PK,04/15/2019,4,7470.0,6662.0
668,34 ST-HERALD SQ,04/15/2019,4,19375.0,21396.0
669,23 ST,04/15/2019,4,4143.0,4376.0
670,14 ST,04/15/2019,4,7151.0,5803.0
671,W 4 ST-WASH SQ,04/15/2019,4,9318.0,7851.0
672,B'WAY-LAFAYETTE,04/15/2019,4,5229.0,5926.0
673,2 AV,04/15/2019,4,3046.0,2808.0
674,DELANCEY/ESSEX,04/15/2019,4,6987.0,4017.0
675,EAST BROADWAY,04/15/2019,4,3125.0,1345.0
676,YORK ST,04/15/2019,4,2984.0,894.0
677,JAY ST-METROTEC,04/15/2019,4,10715.0,4255.0
678,BERGEN ST,04/15/2019,4,2398.0,1626.0
679,CARROLL ST,04/15/2019,4,1972.0,989.0
680,SMITH-9 ST,04/15/2019,4,945.0,1095.0
681,4 AV-9 ST,04/15/2019,4,602.0,801.0
682,7 AV,04/15/2019,4,3055.0,1374.0
683,15 ST-PROSPECT,04/15/2019,4,1129.0,743.0
684,FT HAMILTON PKY,04/15/2019,4,970.0,565.0
685,CHURCH AV,04/15/2019,4,1557.0,1543.0
686,DITMAS AV,04/15/2019,4,742.0,575.0
687,18 AV,04/15/2019,4,681.0,540.0
688,AVENUE I,04/15/2019,4,688.0,86.0
689,BAY PKWY,04/15/2019,4,301.0,98.0
690,AVENUE N,04/15/2019,4,538.0,262.0
691,AVENUE P,04/15/2019,4,365.0,173.0
692,KINGS HWY,04/15/2019,4,760.0,907.0
693,AVENUE U,04/15/2019,4,332.0,190.0
694,AVENUE X,04/15/2019,4,516.0,275.0
695,NEPTUNE AV,04/15/2019,4,417.0,153.0
696,CONEY IS-STILLW,04/15/2019,4,2874.0,3056.0
697,JAMAICA 179 ST,04/15/2019,5,2279.0,4269.0
698,169 ST,04/15/2019,5,1635.0,3069.0
699,PARSONS BLVD,04/15/2019,5,1378.0,2667.0
700,75 AV,04/15/2019,5,608.0,16.0
701,FOREST HILLS 71,04/15/2019,5,4503.0,6155.0
702,JKSN HT-ROOSVLT,04/15/2019,5,9345.0,15296.0
703,21 ST-QNSBRIDGE,04/15/2019,5,2878.0,2080.0
704,ROOSEVELT ISLND,04/15/2019,5,1686.0,2815.0
705,LEXINGTON AV/63,04/15/2019,5,7337.0,4133.0
706,57 ST,04/15/2019,5,6063.0,1638.0
707,47-50 STS ROCK,04/15/2019,5,39574.0,6628.0
708,42 ST-BRYANT PK,04/15/2019,5,25284.0,5943.0
709,34 ST-HERALD SQ,04/15/2019,5,6646.0,32713.0
710,23 ST,04/15/2019,5,11087.0,5881.0
711,14 ST,04/15/2019,5,16740.0,9884.0
712,W 4 ST-WASH SQ,04/15/2019,5,14586.0,10266.0
713,B'WAY-LAFAYETTE,04/15/2019,5,11126.0,7896.0
714,2 AV,04/15/2019,5,4513.0,5462.0
715,DELANCEY/ESSEX,04/15/2019,5,7214.0,6826.0
716,EAST BROADWAY,04/15/2019,5,4213.0,1618.0
717,YORK ST,04/15/2019,5,5322.0,579.0
718,JAY ST-METROTEC,04/15/2019,5,24163.0,17874.0
719,BERGEN ST,04/15/2019,5,2669.0,2328.0
720,CARROLL ST,04/15/2019,5,3010.0,1876.0
721,SMITH-9 ST,04/15/2019,5,1501.0,1521.0
722,4 AV-9 ST,04/15/2019,5,1099.0,1911.0
723,7 AV,04/15/2019,5,2214.0,1978.0
724,15 ST-PROSPECT,04/15/2019,5,1040.0,1728.0
725,FT HAMILTON PKY,04/15/2019,5,677.0,947.0
726,CHURCH AV,04/15/2019,5,1799.0,2951.0
727,DITMAS AV,04/15/2019,5,706.0,739.0
728,18 AV,04/15/2019,5,922.0,935.0
729,AVENUE I,04/15/2019,5,537.0,129.0
730,BAY PKWY,04/15/2019,5,215.0,89.0
731,AVENUE N,04/15/2019,5,422.0,401.0
732,AVENUE P,04/15/2019,5,400.0,411.0
733,KINGS HWY,04/15/2019,5,625.0,1319.0
734,AVENUE U,04/15/2019,5,326.0,289.0
735,AVENUE X,04/15/2019,5,415.0,626.0
736,NEPTUNE AV,04/15/2019,5,168.0,150.0
737,CONEY IS-STILLW,04/15/2019,5,1743.0,3337.0
738,JAMAICA 179 ST,04/16/2019,0,682.0,1537.0
739,169 ST,04/16/2019,0,455.0,1180.0
740,PARSONS BLVD,04/16/2019,0,337.0,1294.0
741,75 AV,04/16/2019,0,157.0,39.0
742,FOREST HILLS 71,04/16/2019,0,938.0,1164.0
743,JKSN HT-ROOSVLT,04/16/2019,0,3909.0,6442.0
744,21 ST-QNSBRIDGE,04/16/2019,0,640.0,1474.0
745,ROOSEVELT ISLND,04/16/2019,0,348.0,1347.0
746,LEXINGTON AV/63,04/16/2019,0,2328.0,1075.0
747,57 ST,04/16/2019,0,976.0,390.0
748,47-50 STS ROCK,04/16/2019,0,7180.0,1426.0
749,42 ST-BRYANT PK,04/16/2019,0,5305.0,1271.0
750,34 ST-HERALD SQ,04/16/2019,0,13305.0,7369.0
751,23 ST,04/16/2019,0,2752.0,1196.0
752,14 ST,04/16/2019,0,5465.0,2102.0
753,W 4 ST-WASH SQ,04/16/2019,0,6589.0,1908.0
754,B'WAY-LAFAYETTE,04/16/2019,0,1854.0,845.0
755,2 AV,04/16/2019,0,2450.0,1977.0
756,DELANCEY/ESSEX,04/16/2019,0,2437.0,1483.0
757,EAST BROADWAY,04/16/2019,0,1142.0,898.0
758,YORK ST,04/16/2019,0,611.0,308.0
759,JAY ST-METROTEC,04/16/2019,0,4505.0,1954.0
760,BERGEN ST,04/16/2019,0,247.0,272.0
761,CARROLL ST,04/16/2019,0,538.0,443.0
762,SMITH-9 ST,04/16/2019,0,230.0,346.0
763,4 AV-9 ST,04/16/2019,0,217.0,644.0
764,7 AV,04/16/2019,0,98.0,174.0
765,15 ST-PROSPECT,04/16/2019,0,142.0,334.0
766,FT HAMILTON PKY,04/16/2019,0,70.0,132.0
767,CHURCH AV,04/16/2019,0,554.0,1224.0
768,DITMAS AV,04/16/2019,0,114.0,178.0
769,18 AV,04/16/2019,0,220.0,353.0
770,AVENUE I,04/16/2019,0,70.0,17.0
771,BAY PKWY,04/16/2019,0,47.0,14.0
772,AVENUE N,04/16/2019,0,56.0,94.0
773,AVENUE P,04/16/2019,0,85.0,152.0
774,KINGS HWY,04/16/2019,0,106.0,247.0
775,AVENUE U,04/16/2019,0,45.0,72.0
776,AVENUE X,04/16/2019,0,132.0,221.0
777,NEPTUNE AV,04/16/2019,0,25.0,23.0
778,CONEY IS-STILLW,04/16/2019,0,403.0,1117.0
779,JAMAICA 179 ST,04/16/2019,1,198.0,353.0
780,169 ST,04/16/2019,1,76.0,215.0
781,PARSONS BLVD,04/16/2019,1,80.0,277.0
782,75 AV,04/16/2019,1,25.0,5.0
783,FOREST HILLS 71,04/16/2019,1,223.0,135.0
784,JKSN HT-ROOSVLT,04/16/2019,1,772.0,1602.0
785,21 ST-QNSBRIDGE,04/16/2019,1,73.0,103.0
786,ROOSEVELT ISLND,04/16/2019,1,26.0,41.0
787,LEXINGTON AV/63,04/16/2019,1,163.0,204.0
788,57 ST,04/16/2019,1,48.0,105.0
789,47-50 STS ROCK,04/16/2019,1,932.0,228.0
790,42 ST-BRYANT PK,04/16/2019,1,670.0,280.0
791,34 ST-HERALD SQ,04/16/2019,1,1352.0,761.0
792,23 ST,04/16/2019,1,170.0,109.0
793,14 ST,04/16/2019,1,533.0,276.0
794,W 4 ST-WASH SQ,04/16/2019,1,553.0,319.0
795,B'WAY-LAFAYETTE,04/16/2019,1,107.0,110.0
796,2 AV,04/16/2019,1,294.0,217.0
797,DELANCEY/ESSEX,04/16/2019,1,380.0,250.0
798,EAST BROADWAY,04/16/2019,1,116.0,131.0
799,YORK ST,04/16/2019,1,34.0,28.0
800,JAY ST-METROTEC,04/16/2019,1,476.0,662.0
801,BERGEN ST,04/16/2019,1,4.0,56.0
802,CARROLL ST,04/16/2019,1,15.0,23.0
803,SMITH-9 ST,04/16/2019,1,0.0,1.0
804,4 AV-9 ST,04/16/2019,1,0.0,80.0
805,7 AV,04/16/2019,1,9.0,5.0
806,15 ST-PROSPECT,04/16/2019,1,8.0,10.0
807,FT HAMILTON PKY,04/16/2019,1,12.0,5.0
808,CHURCH AV,04/16/2019,1,128.0,164.0
809,DITMAS AV,04/16/2019,1,46.0,21.0
810,18 AV,04/16/2019,1,23.0,54.0
811,AVENUE I,04/16/2019,1,11.0,4.0
812,BAY PKWY,04/16/2019,1,13.0,4.0
813,AVENUE N,04/16/2019,1,29.0,15.0
814,AVENUE P,04/16/2019,1,12.0,25.0
815,KINGS HWY,04/16/2019,1,33.0,35.0
816,AVENUE U,04/16/2019,1,27.0,8.0
817,AVENUE X,04/16/2019,1,11.0,26.0
818,NEPTUNE AV,04/16/2019,1,12.0,8.0
819,CONEY IS-STILLW,04/16/2019,1,217.0,270.0
820,JAMAICA 179 ST,04/16/2019,2,9589.0,627.0
821,169 ST,04/16/2019,2,2214.0,568.0
822,PARSONS BLVD,04/16/2019,2,2034.0,806.0
823,75 AV,04/16/2019,2,864.0,12.0
824,FOREST HILLS 71,04/16/2019,2,11402.0,1553.0
825,JKSN HT-ROOSVLT,04/16/2019,2,10981.0,2128.0
826,21 ST-QNSBRIDGE,04/16/2019,2,1907.0,924.0
827,ROOSEVELT ISLND,04/16/2019,2,1107.0,653.0
828,LEXINGTON AV/63,04/16/2019,2,962.0,2859.0
829,57 ST,04/16/2019,2,606.0,4354.0
830,47-50 STS ROCK,04/16/2019,2,593.0,10326.0
831,42 ST-BRYANT PK,04/16/2019,2,875.0,5581.0
832,34 ST-HERALD SQ,04/16/2019,2,6381.0,10953.0
833,23 ST,04/16/2019,2,920.0,2493.0
834,14 ST,04/16/2019,2,1524.0,3025.0
835,W 4 ST-WASH SQ,04/16/2019,2,4614.0,7211.0
836,B'WAY-LAFAYETTE,04/16/2019,2,1031.0,5450.0
837,2 AV,04/16/2019,2,1253.0,1596.0
838,DELANCEY/ESSEX,04/16/2019,2,5505.0,4414.0
839,EAST BROADWAY,04/16/2019,2,1624.0,794.0
840,YORK ST,04/16/2019,2,1602.0,1218.0
841,JAY ST-METROTEC,04/16/2019,2,2084.0,2981.0
842,BERGEN ST,04/16/2019,2,3272.0,1210.0
843,CARROLL ST,04/16/2019,2,1703.0,487.0
844,SMITH-9 ST,04/16/2019,2,623.0,1029.0
845,4 AV-9 ST,04/16/2019,2,427.0,583.0
846,7 AV,04/16/2019,2,4169.0,1087.0
847,15 ST-PROSPECT,04/16/2019,2,2182.0,311.0
848,FT HAMILTON PKY,04/16/2019,2,3045.0,157.0
849,CHURCH AV,04/16/2019,2,2892.0,537.0
850,DITMAS AV,04/16/2019,2,1714.0,275.0
851,18 AV,04/16/2019,2,952.0,191.0
852,AVENUE I,04/16/2019,2,521.0,107.0
853,BAY PKWY,04/16/2019,2,485.0,105.0
854,AVENUE N,04/16/2019,2,1436.0,168.0
855,AVENUE P,04/16/2019,2,849.0,60.0
856,KINGS HWY,04/16/2019,2,1665.0,505.0
857,AVENUE U,04/16/2019,2,872.0,182.0
858,AVENUE X,04/16/2019,2,924.0,139.0
859,NEPTUNE AV,04/16/2019,2,604.0,149.0
860,CONEY IS-STILLW,04/16/2019,2,4194.0,1868.0
861,JAMAICA 179 ST,04/16/2019,3,6874.0,948.0
862,169 ST,04/16/2019,3,2318.0,1215.0
863,PARSONS BLVD,04/16/2019,3,1846.0,1353.0
864,75 AV,04/16/2019,3,1588.0,44.0
865,FOREST HILLS 71,04/16/2019,3,6284.0,1860.0
866,JKSN HT-ROOSVLT,04/16/2019,3,16787.0,4268.0
867,21 ST-QNSBRIDGE,04/16/2019,3,4145.0,1109.0
868,ROOSEVELT ISLND,04/16/2019,3,3331.0,1125.0
869,LEXINGTON AV/63,04/16/2019,3,3921.0,6472.0
870,57 ST,04/16/2019,3,1584.0,4874.0
871,47-50 STS ROCK,04/16/2019,3,4257.0,39313.0
872,42 ST-BRYANT PK,04/16/2019,3,3899.0,21744.0
873,34 ST-HERALD SQ,04/16/2019,3,21437.0,656.0
874,23 ST,04/16/2019,3,4436.0,10181.0
875,14 ST,04/16/2019,3,6916.0,10840.0
876,W 4 ST-WASH SQ,04/16/2019,3,5799.0,10851.0
877,B'WAY-LAFAYETTE,04/16/2019,3,2918.0,10338.0
878,2 AV,04/16/2019,3,4377.0,3181.0
879,DELANCEY/ESSEX,04/16/2019,3,5070.0,3738.0
880,EAST BROADWAY,04/16/2019,3,3777.0,1665.0
881,YORK ST,04/16/2019,3,1865.0,2417.0
882,JAY ST-METROTEC,04/16/2019,3,7737.0,8462.0
883,BERGEN ST,04/16/2019,3,2722.0,1155.0
884,CARROLL ST,04/16/2019,3,5005.0,1077.0
885,SMITH-9 ST,04/16/2019,3,1197.0,1462.0
886,4 AV-9 ST,04/16/2019,3,1083.0,884.0
887,7 AV,04/16/2019,3,2681.0,766.0
888,15 ST-PROSPECT,04/16/2019,3,2030.0,429.0
889,FT HAMILTON PKY,04/16/2019,3,1434.0,171.0
890,CHURCH AV,04/16/2019,3,3533.0,969.0
891,DITMAS AV,04/16/2019,3,869.0,315.0
892,18 AV,04/16/2019,3,1063.0,523.0
893,AVENUE I,04/16/2019,3,315.0,50.0
894,BAY PKWY,04/16/2019,3,216.0,61.0
895,AVENUE N,04/16/2019,3,543.0,146.0
896,AVENUE P,04/16/2019,3,914.0,214.0
897,KINGS HWY,04/16/2019,3,786.0,464.0
898,AVENUE U,04/16/2019,3,355.0,129.0
899,AVENUE X,04/16/2019,3,748.0,272.0
900,NEPTUNE AV,04/16/2019,3,296.0,79.0
901,CONEY IS-STILLW,04/16/2019,3,2580.0,2145.0
902,JAMAICA 179 ST,04/16/2019,4,2989.0,1581.0
903,169 ST,04/16/2019,4,1950.0,1319.0
904,PARSONS BLVD,04/16/2019,4,1686.0,1271.0
905,75 AV,04/16/2019,4,519.0,88.0
906,FOREST HILLS 71,04/16/2019,4,5391.0,3664.0
907,JKSN HT-ROOSVLT,04/16/2019,4,9559.0,7991.0
908,21 ST-QNSBRIDGE,04/16/2019,4,2314.0,1357.0
909,ROOSEVELT ISLND,04/16/2019,4,1952.0,1642.0
910,LEXINGTON AV/63,04/16/2019,4,4285.0,3251.0
911,57 ST,04/16/2019,4,4109.0,2566.0
912,47-50 STS ROCK,04/16/2019,4,11839.0,10414.0
913,42 ST-BRYANT PK,04/16/2019,4,8196.0,7641.0
914,34 ST-HERALD SQ,04/16/2019,4,21206.0,23213.0
915,23 ST,04/16/2019,4,4619.0,4933.0
916,14 ST,04/16/2019,4,8057.0,6691.0
917,W 4 ST-WASH SQ,04/16/2019,4,10316.0,8478.0
918,B'WAY-LAFAYETTE,04/16/2019,4,6109.0,6652.0
919,2 AV,04/16/2019,4,3282.0,2788.0
920,DELANCEY/ESSEX,04/16/2019,4,7434.0,4380.0
921,EAST BROADWAY,04/16/2019,4,3343.0,1392.0
922,YORK ST,04/16/2019,4,3324.0,1199.0
923,JAY ST-METROTEC,04/16/2019,4,11208.0,4733.0
924,BERGEN ST,04/16/2019,4,2726.0,1624.0
925,CARROLL ST,04/16/2019,4,2040.0,1012.0
926,SMITH-9 ST,04/16/2019,4,1003.0,1170.0
927,4 AV-9 ST,04/16/2019,4,682.0,853.0
928,7 AV,04/16/2019,4,3171.0,1347.0
929,15 ST-PROSPECT,04/16/2019,4,1132.0,756.0
930,FT HAMILTON PKY,04/16/2019,4,1050.0,569.0
931,CHURCH AV,04/16/2019,4,1615.0,1427.0
932,DITMAS AV,04/16/2019,4,767.0,488.0
933,18 AV,04/16/2019,4,742.0,517.0
934,AVENUE I,04/16/2019,4,757.0,67.0
935,BAY PKWY,04/16/2019,4,310.0,106.0
936,AVENUE N,04/16/2019,4,500.0,236.0
937,AVENUE P,04/16/2019,4,366.0,170.0
938,KINGS HWY,04/16/2019,4,790.0,887.0
939,AVENUE U,04/16/2019,4,373.0,205.0
940,AVENUE X,04/16/2019,4,558.0,302.0
941,NEPTUNE AV,04/16/2019,4,404.0,181.0
942,CONEY IS-STILLW,04/16/2019,4,3478.0,3415.0
943,JAMAICA 179 ST,04/16/2019,5,2443.0,4075.0
944,169 ST,04/16/2019,5,1629.0,2959.0
945,PARSONS BLVD,04/16/2019,5,1312.0,2795.0
946,75 AV,04/16/2019,5,722.0,24.0
947,FOREST HILLS 71,04/16/2019,5,4547.0,6266.0
948,JKSN HT-ROOSVLT,04/16/2019,5,9607.0,15850.0
949,21 ST-QNSBRIDGE,04/16/2019,5,3078.0,1989.0
950,ROOSEVELT ISLND,04/16/2019,5,2162.0,3253.0
951,LEXINGTON AV/63,04/16/2019,5,7669.0,4243.0
952,57 ST,04/16/2019,5,6506.0,1917.0
953,47-50 STS ROCK,04/16/2019,5,620.0,7631.0
954,42 ST-BRYANT PK,04/16/2019,5,26743.0,7289.0
955,34 ST-HERALD SQ,04/16/2019,5,9168.0,33825.0
956,23 ST,04/16/2019,5,11141.0,6262.0
957,14 ST,04/16/2019,5,15827.0,9050.0
958,W 4 ST-WASH SQ,04/16/2019,5,16571.0,10721.0
959,B'WAY-LAFAYETTE,04/16/2019,5,11203.0,7498.0
960,2 AV,04/16/2019,5,4777.0,5435.0
961,DELANCEY/ESSEX,04/16/2019,5,6834.0,6324.0
962,EAST BROADWAY,04/16/2019,5,4504.0,1757.0
963,YORK ST,04/16/2019,5,6032.0,681.0
964,JAY ST-METROTEC,04/16/2019,5,18331.0,4627.0
965,BERGEN ST,04/16/2019,5,2836.0,2484.0
966,CARROLL ST,04/16/2019,5,3195.0,1713.0
967,SMITH-9 ST,04/16/2019,5,1746.0,1577.0
968,4 AV-9 ST,04/16/2019,5,1175.0,2014.0
969,7 AV,04/16/2019,5,2357.0,2160.0
970,15 ST-PROSPECT,04/16/2019,5,1194.0,1666.0
971,FT HAMILTON PKY,04/16/2019,5,850.0,942.0
972,CHURCH AV,04/16/2019,5,1828.0,2830.0
973,DITMAS AV,04/16/2019,5,7936.0,1186.0
974,18 AV,04/16/2019,5,877.0,978.0
975,AVENUE I,04/16/2019,5,557.0,123.0
976,BAY PKWY,04/16/2019,5,205.0,108.0
977,AVENUE N,04/16/2019,5,461.0,369.0
978,AVENUE P,04/16/2019,5,453.0,410.0
979,KINGS HWY,04/16/2019,5,578.0,1489.0
980,AVENUE U,04/16/2019,5,326.0,269.0
981,AVENUE X,04/16/2019,5,409.0,670.0
982,NEPTUNE AV,04/16/2019,5,225.0,188.0
983,CONEY IS-STILLW,04/16/2019,5,2312.0,3589.0
984,JAMAICA 179 ST,04/17/2019,0,756.0,1836.0
985,169 ST,04/17/2019,0,455.0,1432.0
986,PARSONS BLVD,04/17/2019,0,313.0,1366.0
987,75 AV,04/17/2019,0,151.0,65.0
988,FOREST HILLS 71,04/17/2019,0,1054.0,1462.0
989,JKSN HT-ROOSVLT,04/17/2019,0,4000.0,7474.0
990,21 ST-QNSBRIDGE,04/17/2019,0,625.0,1597.0
991,ROOSEVELT ISLND,04/17/2019,0,426.0,1421.0
992,LEXINGTON AV/63,04/17/2019,0,2745.0,1177.0
993,57 ST,04/17/2019,0,1133.0,401.0
994,47-50 STS ROCK,04/17/2019,0,8132.0,2260.0
995,42 ST-BRYANT PK,04/17/2019,0,6646.0,2111.0
996,34 ST-HERALD SQ,04/17/2019,0,15201.0,9735.0
997,23 ST,04/17/2019,0,2916.0,1292.0
998,14 ST,04/17/2019,0,6417.0,2490.0
999,W 4 ST-WASH SQ,04/17/2019,0,7294.0,2350.0
1000,B'WAY-LAFAYETTE,04/17/2019,0,2148.0,1031.0
1001,2 AV,04/17/2019,0,2810.0,2430.0
1002,DELANCEY/ESSEX,04/17/2019,0,2891.0,1850.0
1003,EAST BROADWAY,04/17/2019,0,1373.0,1020.0
1004,YORK ST,04/17/2019,0,765.0,301.0
1005,JAY ST-METROTEC,04/17/2019,0,5330.0,2582.0
1006,BERGEN ST,04/17/2019,0,251.0,299.0
1007,CARROLL ST,04/17/2019,0,476.0,540.0
1008,SMITH-9 ST,04/17/2019,0,237.0,403.0
1009,4 AV-9 ST,04/17/2019,0,181.0,658.0
1010,7 AV,04/17/2019,0,114.0,199.0
1011,15 ST-PROSPECT,04/17/2019,0,129.0,371.0
1012,FT HAMILTON PKY,04/17/2019,0,56.0,117.0
1013,CHURCH AV,04/17/2019,0,549.0,1370.0
1014,DITMAS AV,04/17/2019,0,7185.0,120.0
1015,18 AV,04/17/2019,0,222.0,370.0
1016,AVENUE I,04/17/2019,0,85.0,27.0
1017,BAY PKWY,04/17/2019,0,42.0,15.0
1018,AVENUE N,04/17/2019,0,63.0,95.0
1019,AVENUE P,04/17/2019,0,87.0,189.0
1020,KINGS HWY,04/17/2019,0,156.0,270.0
1021,AVENUE U,04/17/2019,0,48.0,67.0
1022,AVENUE X,04/17/2019,0,143.0,210.0
1023,NEPTUNE AV,04/17/2019,0,31.0,28.0
1024,CONEY IS-STILLW,04/17/2019,0,520.0,1294.0
1025,JAMAICA 179 ST,04/17/2019,1,198.0,354.0
1026,169 ST,04/17/2019,1,72.0,224.0
1027,PARSONS BLVD,04/17/2019,1,83.0,245.0
1028,75 AV,04/17/2019,1,23.0,2.0
1029,FOREST HILLS 71,04/17/2019,1,222.0,121.0
1030,JKSN HT-ROOSVLT,04/17/2019,1,659.0,1396.0
1031,21 ST-QNSBRIDGE,04/17/2019,1,68.0,171.0
1032,ROOSEVELT ISLND,04/17/2019,1,35.0,32.0
1033,LEXINGTON AV/63,04/17/2019,1,155.0,210.0
1034,57 ST,04/17/2019,1,62.0,121.0
1035,47-50 STS ROCK,04/17/2019,1,1042.0,262.0
1036,42 ST-BRYANT PK,04/17/2019,1,784.0,252.0
1037,34 ST-HERALD SQ,04/17/2019,1,31548.0,4725.0
1038,23 ST,04/17/2019,1,206.0,98.0
1039,14 ST,04/17/2019,1,592.0,266.0
1040,W 4 ST-WASH SQ,04/17/2019,1,643.0,313.0
1041,B'WAY-LAFAYETTE,04/17/2019,1,103.0,123.0
1042,2 AV,04/17/2019,1,361.0,263.0
1043,DELANCEY/ESSEX,04/17/2019,1,422.0,267.0
1044,EAST BROADWAY,04/17/2019,1,160.0,162.0
1045,YORK ST,04/17/2019,1,46.0,33.0
1046,JAY ST-METROTEC,04/17/2019,1,555.0,685.0
1047,BERGEN ST,04/17/2019,1,15.0,42.0
1048,CARROLL ST,04/17/2019,1,0.0,15.0
1049,SMITH-9 ST,04/17/2019,1,0.0,0.0
1050,4 AV-9 ST,04/17/2019,1,0.0,63.0
1051,7 AV,04/17/2019,1,5.0,1.0
1052,15 ST-PROSPECT,04/17/2019,1,7.0,4.0
1053,FT HAMILTON PKY,04/17/2019,1,5.0,2.0
1054,CHURCH AV,04/17/2019,1,118.0,163.0
1055,DITMAS AV,04/17/2019,1,51.0,14.0
1056,18 AV,04/17/2019,1,27.0,61.0
1057,AVENUE I,04/17/2019,1,5.0,2.0
1058,BAY PKWY,04/17/2019,1,8.0,10.0
1059,AVENUE N,04/17/2019,1,34.0,18.0
1060,AVENUE P,04/17/2019,1,13.0,26.0
1061,KINGS HWY,04/17/2019,1,44.0,41.0
1062,AVENUE U,04/17/2019,1,28.0,9.0
1063,AVENUE X,04/17/2019,1,13.0,31.0
1064,NEPTUNE AV,04/17/2019,1,13.0,8.0
1065,CONEY IS-STILLW,04/17/2019,1,252.0,270.0
1066,JAMAICA 179 ST,04/17/2019,2,9298.0,656.0
1067,169 ST,04/17/2019,2,2283.0,554.0
1068,PARSONS BLVD,04/17/2019,2,1968.0,756.0
1069,75 AV,04/17/2019,2,827.0,23.0
1070,FOREST HILLS 71,04/17/2019,2,11150.0,1549.0
1071,JKSN HT-ROOSVLT,04/17/2019,2,10615.0,2010.0
1072,21 ST-QNSBRIDGE,04/17/2019,2,1818.0,1010.0
1073,ROOSEVELT ISLND,04/17/2019,2,1065.0,608.0
1074,LEXINGTON AV/63,04/17/2019,2,923.0,2712.0
1075,57 ST,04/17/2019,2,531.0,4308.0
1076,47-50 STS ROCK,04/17/2019,2,610.0,9786.0
1077,42 ST-BRYANT PK,04/17/2019,2,853.0,5300.0
1078,34 ST-HERALD SQ,04/17/2019,2,23946.0,33511.0
1079,23 ST,04/17/2019,2,858.0,2422.0
1080,14 ST,04/17/2019,2,1453.0,3032.0
1081,W 4 ST-WASH SQ,04/17/2019,2,4630.0,7054.0
1082,B'WAY-LAFAYETTE,04/17/2019,2,1000.0,5102.0
1083,2 AV,04/17/2019,2,1196.0,1491.0
1084,DELANCEY/ESSEX,04/17/2019,2,5319.0,4214.0
1085,EAST BROADWAY,04/17/2019,2,1534.0,754.0
1086,YORK ST,04/17/2019,2,1537.0,1064.0
1087,JAY ST-METROTEC,04/17/2019,2,2108.0,3082.0
1088,BERGEN ST,04/17/2019,2,3137.0,1117.0
1089,CARROLL ST,04/17/2019,2,1616.0,502.0
1090,SMITH-9 ST,04/17/2019,2,600.0,1072.0
1091,4 AV-9 ST,04/17/2019,2,457.0,637.0
1092,7 AV,04/17/2019,2,4084.0,1045.0
1093,15 ST-PROSPECT,04/17/2019,2,2087.0,303.0
1094,FT HAMILTON PKY,04/17/2019,2,2907.0,152.0
1095,CHURCH AV,04/17/2019,2,2804.0,498.0
1096,DITMAS AV,04/17/2019,2,38581.0,9584.0
1097,18 AV,04/17/2019,2,948.0,197.0
1098,AVENUE I,04/17/2019,2,515.0,101.0
1099,BAY PKWY,04/17/2019,2,503.0,115.0
1100,AVENUE N,04/17/2019,2,1374.0,174.0
1101,AVENUE P,04/17/2019,2,789.0,67.0
1102,KINGS HWY,04/17/2019,2,28419.0,13102.0
1103,AVENUE U,04/17/2019,2,842.0,176.0
1104,AVENUE X,04/17/2019,2,880.0,152.0
1105,NEPTUNE AV,04/17/2019,2,588.0,150.0
1106,CONEY IS-STILLW,04/17/2019,2,4186.0,1857.0
1107,JAMAICA 179 ST,04/17/2019,3,6873.0,865.0
1108,169 ST,04/17/2019,3,2418.0,1281.0
1109,PARSONS BLVD,04/17/2019,3,1908.0,1250.0
1110,75 AV,04/17/2019,3,1605.0,43.0
1111,FOREST HILLS 71,04/17/2019,3,6440.0,2090.0
1112,JKSN HT-ROOSVLT,04/17/2019,3,17033.0,4068.0
1113,21 ST-QNSBRIDGE,04/17/2019,3,4343.0,1030.0
1114,ROOSEVELT ISLND,04/17/2019,3,3318.0,1156.0
1115,LEXINGTON AV/63,04/17/2019,3,3821.0,6353.0
1116,57 ST,04/17/2019,3,1645.0,5073.0
1117,47-50 STS ROCK,04/17/2019,3,4321.0,39758.0
1118,42 ST-BRYANT PK,04/17/2019,3,3882.0,22149.0
1119,34 ST-HERALD SQ,04/17/2019,3,21645.0,1731.0
1120,23 ST,04/17/2019,3,4375.0,10006.0
1121,14 ST,04/17/2019,3,6584.0,10880.0
1122,W 4 ST-WASH SQ,04/17/2019,3,6016.0,10925.0
1123,B'WAY-LAFAYETTE,04/17/2019,3,2756.0,10525.0
1124,2 AV,04/17/2019,3,4556.0,3463.0
1125,DELANCEY/ESSEX,04/17/2019,3,5161.0,3857.0
1126,EAST BROADWAY,04/17/2019,3,3844.0,1608.0
1127,YORK ST,04/17/2019,3,1836.0,2447.0
1128,JAY ST-METROTEC,04/17/2019,3,27904.0,8354.0
1129,BERGEN ST,04/17/2019,3,2653.0,1199.0
1130,CARROLL ST,04/17/2019,3,5160.0,1092.0
1131,SMITH-9 ST,04/17/2019,3,1207.0,1546.0
1132,4 AV-9 ST,04/17/2019,3,1060.0,892.0
1133,7 AV,04/17/2019,3,2760.0,868.0
1134,15 ST-PROSPECT,04/17/2019,3,2230.0,374.0
1135,FT HAMILTON PKY,04/17/2019,3,1528.0,146.0
1136,CHURCH AV,04/17/2019,3,3539.0,941.0
1137,DITMAS AV,04/17/2019,3,36094.0,9071.0
1138,18 AV,04/17/2019,3,1021.0,539.0
1139,AVENUE I,04/17/2019,3,363.0,64.0
1140,BAY PKWY,04/17/2019,3,229.0,78.0
1141,AVENUE N,04/17/2019,3,602.0,137.0
1142,AVENUE P,04/17/2019,3,895.0,177.0
1143,KINGS HWY,04/17/2019,3,26033.0,12160.0
1144,AVENUE U,04/17/2019,3,350.0,114.0
1145,AVENUE X,04/17/2019,3,816.0,253.0
1146,NEPTUNE AV,04/17/2019,3,275.0,63.0
1147,CONEY IS-STILLW,04/17/2019,3,2483.0,2127.0
1148,JAMAICA 179 ST,04/17/2019,4,2995.0,1540.0
1149,169 ST,04/17/2019,4,2096.0,1347.0
1150,PARSONS BLVD,04/17/2019,4,1630.0,1277.0
1151,75 AV,04/17/2019,4,520.0,68.0
1152,FOREST HILLS 71,04/17/2019,4,5397.0,3620.0
1153,JKSN HT-ROOSVLT,04/17/2019,4,9490.0,7733.0
1154,21 ST-QNSBRIDGE,04/17/2019,4,39105.0,1549.0
1155,ROOSEVELT ISLND,04/17/2019,4,1929.0,1492.0
1156,LEXINGTON AV/63,04/17/2019,4,3962.0,3355.0
1157,57 ST,04/17/2019,4,4143.0,2785.0
1158,47-50 STS ROCK,04/17/2019,4,12028.0,11106.0
1159,42 ST-BRYANT PK,04/17/2019,4,8396.0,8228.0
1160,34 ST-HERALD SQ,04/17/2019,4,25963.0,38048.0
1161,23 ST,04/17/2019,4,4691.0,5101.0
1162,14 ST,04/17/2019,4,7935.0,6984.0
1163,W 4 ST-WASH SQ,04/17/2019,4,10230.0,8687.0
1164,B'WAY-LAFAYETTE,04/17/2019,4,6138.0,6754.0
1165,2 AV,04/17/2019,4,3525.0,3173.0
1166,DELANCEY/ESSEX,04/17/2019,4,7134.0,4255.0
1167,EAST BROADWAY,04/17/2019,4,3353.0,1304.0
1168,YORK ST,04/17/2019,4,3311.0,1196.0
1169,JAY ST-METROTEC,04/17/2019,4,11888.0,4543.0
1170,BERGEN ST,04/17/2019,4,2711.0,1613.0
1171,CARROLL ST,04/17/2019,4,2228.0,996.0
1172,SMITH-9 ST,04/17/2019,4,1192.0,1170.0
1173,4 AV-9 ST,04/17/2019,4,650.0,817.0
1174,7 AV,04/17/2019,4,3197.0,1388.0
1175,15 ST-PROSPECT,04/17/2019,4,1112.0,864.0
1176,FT HAMILTON PKY,04/17/2019,4,1074.0,600.0
1177,CHURCH AV,04/17/2019,4,1610.0,1446.0
1178,DITMAS AV,04/17/2019,4,782.0,510.0
1179,18 AV,04/17/2019,4,684.0,590.0
1180,AVENUE I,04/17/2019,4,746.0,83.0
1181,BAY PKWY,04/17/2019,4,339.0,94.0
1182,AVENUE N,04/17/2019,4,540.0,212.0
1183,AVENUE P,04/17/2019,4,373.0,147.0
1184,KINGS HWY,04/17/2019,4,723.0,880.0
1185,AVENUE U,04/17/2019,4,363.0,227.0
1186,AVENUE X,04/17/2019,4,542.0,300.0
1187,NEPTUNE AV,04/17/2019,4,392.0,126.0
1188,CONEY IS-STILLW,04/17/2019,4,3419.0,3559.0
1189,JAMAICA 179 ST,04/17/2019,5,2450.0,4256.0
1190,169 ST,04/17/2019,5,1599.0,3272.0
1191,PARSONS BLVD,04/17/2019,5,1347.0,2813.0
1192,75 AV,04/17/2019,5,634.0,12.0
1193,FOREST HILLS 71,04/17/2019,5,4666.0,6342.0
1194,JKSN HT-ROOSVLT,04/17/2019,5,9736.0,15142.0
1195,21 ST-QNSBRIDGE,04/17/2019,5,2992.0,2043.0
1196,ROOSEVELT ISLND,04/17/2019,5,2207.0,3255.0
1197,LEXINGTON AV/63,04/17/2019,5,7847.0,4118.0
1198,57 ST,04/17/2019,5,7017.0,1961.0
1199,47-50 STS ROCK,04/17/2019,5,1194.0,7670.0
1200,42 ST-BRYANT PK,04/17/2019,5,27324.0,7261.0
1201,34 ST-HERALD SQ,04/17/2019,5,15953.0,15899.0
1202,23 ST,04/17/2019,5,11049.0,6448.0
1203,14 ST,04/17/2019,5,15863.0,9378.0
1204,W 4 ST-WASH SQ,04/17/2019,5,16533.0,11438.0
1205,B'WAY-LAFAYETTE,04/17/2019,5,11412.0,7083.0
1206,2 AV,04/17/2019,5,4919.0,6401.0
1207,DELANCEY/ESSEX,04/17/2019,5,6929.0,6628.0
1208,EAST BROADWAY,04/17/2019,5,4484.0,2053.0
1209,YORK ST,04/17/2019,5,6096.0,925.0
1210,JAY ST-METROTEC,04/17/2019,5,15911.0,1420.0
1211,BERGEN ST,04/17/2019,5,2908.0,2616.0
1212,CARROLL ST,04/17/2019,5,3208.0,1874.0
1213,SMITH-9 ST,04/17/2019,5,1611.0,1637.0
1214,4 AV-9 ST,04/17/2019,5,1170.0,2051.0
1215,7 AV,04/17/2019,5,2388.0,2236.0
1216,15 ST-PROSPECT,04/17/2019,5,1183.0,1693.0
1217,FT HAMILTON PKY,04/17/2019,5,863.0,934.0
1218,CHURCH AV,04/17/2019,5,1806.0,3005.0
1219,DITMAS AV,04/17/2019,5,679.0,962.0
1220,18 AV,04/17/2019,5,838.0,963.0
1221,AVENUE I,04/17/2019,5,572.0,151.0
1222,BAY PKWY,04/17/2019,5,207.0,85.0
1223,AVENUE N,04/17/2019,5,412.0,438.0
1224,AVENUE P,04/17/2019,5,403.0,426.0
1225,KINGS HWY,04/17/2019,5,645.0,1500.0
1226,AVENUE U,04/17/2019,5,324.0,314.0
1227,AVENUE X,04/17/2019,5,430.0,692.0
1228,NEPTUNE AV,04/17/2019,5,213.0,192.0
1229,CONEY IS-STILLW,04/17/2019,5,2467.0,3510.0
1230,JAMAICA 179 ST,04/18/2019,0,726.0,1591.0
1231,169 ST,04/18/2019,0,471.0,1366.0
1232,PARSONS BLVD,04/18/2019,0,341.0,1301.0
1233,75 AV,04/18/2019,0,152.0,32.0
1234,FOREST HILLS 71,04/18/2019,0,1083.0,1486.0
1235,JKSN HT-ROOSVLT,04/18/2019,0,4131.0,7658.0
1236,21 ST-QNSBRIDGE,04/18/2019,0,708.0,1664.0
1237,ROOSEVELT ISLND,04/18/2019,0,576.0,1512.0
1238,LEXINGTON AV/63,04/18/2019,0,2670.0,1376.0
1239,57 ST,04/18/2019,0,1187.0,454.0
1240,47-50 STS ROCK,04/18/2019,0,8418.0,2456.0
1241,42 ST-BRYANT PK,04/18/2019,0,6961.0,2194.0
1242,34 ST-HERALD SQ,04/18/2019,0,16387.0,10780.0
1243,23 ST,04/18/2019,0,3137.0,1404.0
1244,14 ST,04/18/2019,0,6522.0,2499.0
1245,W 4 ST-WASH SQ,04/18/2019,0,8119.0,2623.0
1246,B'WAY-LAFAYETTE,04/18/2019,0,2345.0,1088.0
1247,2 AV,04/18/2019,0,3176.0,2431.0
1248,DELANCEY/ESSEX,04/18/2019,0,3309.0,1969.0
1249,EAST BROADWAY,04/18/2019,0,1413.0,1113.0
1250,YORK ST,04/18/2019,0,866.0,560.0
1251,JAY ST-METROTEC,04/18/2019,0,4982.0,2608.0
1252,BERGEN ST,04/18/2019,0,305.0,267.0
1253,CARROLL ST,04/18/2019,0,521.0,578.0
1254,SMITH-9 ST,04/18/2019,0,263.0,391.0
1255,4 AV-9 ST,04/18/2019,0,220.0,604.0
1256,7 AV,04/18/2019,0,162.0,285.0
1257,15 ST-PROSPECT,04/18/2019,0,164.0,392.0
1258,FT HAMILTON PKY,04/18/2019,0,56.0,143.0
1259,CHURCH AV,04/18/2019,0,518.0,1270.0
1260,DITMAS AV,04/18/2019,0,120.0,221.0
1261,18 AV,04/18/2019,0,236.0,337.0
1262,AVENUE I,04/18/2019,0,95.0,20.0
1263,BAY PKWY,04/18/2019,0,40.0,15.0
1264,AVENUE N,04/18/2019,0,72.0,66.0
1265,AVENUE P,04/18/2019,0,75.0,144.0
1266,KINGS HWY,04/18/2019,0,115.0,260.0
1267,AVENUE U,04/18/2019,0,36.0,64.0
1268,AVENUE X,04/18/2019,0,138.0,233.0
1269,NEPTUNE AV,04/18/2019,0,27.0,27.0
1270,CONEY IS-STILLW,04/18/2019,0,547.0,1263.0
1271,JAMAICA 179 ST,04/18/2019,1,189.0,401.0
1272,169 ST,04/18/2019,1,68.0,259.0
1273,PARSONS BLVD,04/18/2019,1,83.0,283.0
1274,75 AV,04/18/2019,1,14.0,4.0
1275,FOREST HILLS 71,04/18/2019,1,208.0,141.0
1276,JKSN HT-ROOSVLT,04/18/2019,1,676.0,1756.0
1277,21 ST-QNSBRIDGE,04/18/2019,1,61.0,114.0
1278,ROOSEVELT ISLND,04/18/2019,1,25.0,50.0
1279,LEXINGTON AV/63,04/18/2019,1,184.0,154.0
1280,57 ST,04/18/2019,1,57.0,128.0
1281,47-50 STS ROCK,04/18/2019,1,1198.0,338.0
1282,42 ST-BRYANT PK,04/18/2019,1,841.0,243.0
1283,34 ST-HERALD SQ,04/18/2019,1,1636.0,869.0
1284,23 ST,04/18/2019,1,191.0,98.0
1285,14 ST,04/18/2019,1,572.0,320.0
1286,W 4 ST-WASH SQ,04/18/2019,1,762.0,331.0
1287,B'WAY-LAFAYETTE,04/18/2019,1,118.0,125.0
1288,2 AV,04/18/2019,1,400.0,264.0
1289,DELANCEY/ESSEX,04/18/2019,1,472.0,239.0
1290,EAST BROADWAY,04/18/2019,1,165.0,159.0
1291,YORK ST,04/18/2019,1,38.0,44.0
1292,JAY ST-METROTEC,04/18/2019,1,556.0,657.0
1293,BERGEN ST,04/18/2019,1,11.0,13.0
1294,CARROLL ST,04/18/2019,1,0.0,5.0
1295,SMITH-9 ST,04/18/2019,1,0.0,0.0
1296,4 AV-9 ST,04/18/2019,1,0.0,63.0
1297,7 AV,04/18/2019,1,10.0,51.0
1298,15 ST-PROSPECT,04/18/2019,1,2.0,2.0
1299,FT HAMILTON PKY,04/18/2019,1,11.0,17.0
1300,CHURCH AV,04/18/2019,1,108.0,121.0
1301,DITMAS AV,04/18/2019,1,42.0,24.0
1302,18 AV,04/18/2019,1,33.0,50.0
1303,AVENUE I,04/18/2019,1,10.0,1.0
1304,BAY PKWY,04/18/2019,1,5.0,5.0
1305,AVENUE N,04/18/2019,1,32.0,11.0
1306,AVENUE P,04/18/2019,1,9.0,28.0
1307,KINGS HWY,04/18/2019,1,30.0,26.0
1308,AVENUE U,04/18/2019,1,16.0,12.0
1309,AVENUE X,04/18/2019,1,17.0,21.0
1310,NEPTUNE AV,04/18/2019,1,10.0,3.0
1311,CONEY IS-STILLW,04/18/2019,1,265.0,300.0
1312,JAMAICA 179 ST,04/18/2019,2,8984.0,487.0
1313,169 ST,04/18/2019,2,2250.0,571.0
1314,PARSONS BLVD,04/18/2019,2,1946.0,814.0
1315,75 AV,04/18/2019,2,826.0,27.0
1316,FOREST HILLS 71,04/18/2019,2,1414.0,21958.0
1317,JKSN HT-ROOSVLT,04/18/2019,2,10718.0,2069.0
1318,21 ST-QNSBRIDGE,04/18/2019,2,1768.0,992.0
1319,ROOSEVELT ISLND,04/18/2019,2,988.0,671.0
1320,LEXINGTON AV/63,04/18/2019,2,859.0,2795.0
1321,57 ST,04/18/2019,2,533.0,4230.0
1322,47-50 STS ROCK,04/18/2019,2,598.0,9696.0
1323,42 ST-BRYANT PK,04/18/2019,2,844.0,5017.0
1324,34 ST-HERALD SQ,04/18/2019,2,6128.0,10366.0
1325,23 ST,04/18/2019,2,841.0,2428.0
1326,14 ST,04/18/2019,2,1433.0,2742.0
1327,W 4 ST-WASH SQ,04/18/2019,2,4246.0,6709.0
1328,B'WAY-LAFAYETTE,04/18/2019,2,898.0,4638.0
1329,2 AV,04/18/2019,2,1184.0,1560.0
1330,DELANCEY/ESSEX,04/18/2019,2,5063.0,4198.0
1331,EAST BROADWAY,04/18/2019,2,1457.0,828.0
1332,YORK ST,04/18/2019,2,1431.0,984.0
1333,JAY ST-METROTEC,04/18/2019,2,1968.0,2539.0
1334,BERGEN ST,04/18/2019,2,3073.0,1179.0
1335,CARROLL ST,04/18/2019,2,1535.0,547.0
1336,SMITH-9 ST,04/18/2019,2,570.0,1007.0
1337,4 AV-9 ST,04/18/2019,2,396.0,522.0
1338,7 AV,04/18/2019,2,3873.0,950.0
1339,15 ST-PROSPECT,04/18/2019,2,2004.0,249.0
1340,FT HAMILTON PKY,04/18/2019,2,2811.0,174.0
1341,CHURCH AV,04/18/2019,2,2631.0,460.0
1342,DITMAS AV,04/18/2019,2,1674.0,277.0
1343,18 AV,04/18/2019,2,875.0,195.0
1344,AVENUE I,04/18/2019,2,485.0,95.0
1345,BAY PKWY,04/18/2019,2,466.0,99.0
1346,AVENUE N,04/18/2019,2,1303.0,177.0
1347,AVENUE P,04/18/2019,2,799.0,83.0
1348,KINGS HWY,04/18/2019,2,1589.0,413.0
1349,AVENUE U,04/18/2019,2,815.0,171.0
1350,AVENUE X,04/18/2019,2,837.0,142.0
1351,NEPTUNE AV,04/18/2019,2,563.0,155.0
1352,CONEY IS-STILLW,04/18/2019,2,4013.0,1877.0
1353,JAMAICA 179 ST,04/18/2019,3,6553.0,939.0
1354,169 ST,04/18/2019,3,2330.0,1182.0
1355,PARSONS BLVD,04/18/2019,3,1869.0,1385.0
1356,75 AV,04/18/2019,3,1533.0,48.0
1357,FOREST HILLS 71,04/18/2019,3,21822.0,12674.0
1358,JKSN HT-ROOSVLT,04/18/2019,3,16756.0,4042.0
1359,21 ST-QNSBRIDGE,04/18/2019,3,4276.0,1125.0
1360,ROOSEVELT ISLND,04/18/2019,3,3214.0,965.0
1361,LEXINGTON AV/63,04/18/2019,3,3912.0,6319.0
1362,57 ST,04/18/2019,3,1690.0,4769.0
1363,47-50 STS ROCK,04/18/2019,3,4254.0,38777.0
1364,42 ST-BRYANT PK,04/18/2019,3,4010.0,21583.0
1365,34 ST-HERALD SQ,04/18/2019,3,20778.0,540.0
1366,23 ST,04/18/2019,3,4346.0,10163.0
1367,14 ST,04/18/2019,3,6755.0,10669.0
1368,W 4 ST-WASH SQ,04/18/2019,3,6386.0,10962.0
1369,B'WAY-LAFAYETTE,04/18/2019,3,2798.0,9646.0
1370,2 AV,04/18/2019,3,4493.0,3546.0
1371,DELANCEY/ESSEX,04/18/2019,3,5179.0,3911.0
1372,EAST BROADWAY,04/18/2019,3,3856.0,1647.0
1373,YORK ST,04/18/2019,3,1802.0,2393.0
1374,JAY ST-METROTEC,04/18/2019,3,7711.0,8198.0
1375,BERGEN ST,04/18/2019,3,2821.0,1160.0
1376,CARROLL ST,04/18/2019,3,5070.0,1090.0
1377,SMITH-9 ST,04/18/2019,3,1236.0,1440.0
1378,4 AV-9 ST,04/18/2019,3,1049.0,887.0
1379,7 AV,04/18/2019,3,2690.0,853.0
1380,15 ST-PROSPECT,04/18/2019,3,2095.0,380.0
1381,FT HAMILTON PKY,04/18/2019,3,1474.0,154.0
1382,CHURCH AV,04/18/2019,3,3506.0,952.0
1383,DITMAS AV,04/18/2019,3,801.0,251.0
1384,18 AV,04/18/2019,3,996.0,541.0
1385,AVENUE I,04/18/2019,3,321.0,60.0
1386,BAY PKWY,04/18/2019,3,204.0,66.0
1387,AVENUE N,04/18/2019,3,597.0,155.0
1388,AVENUE P,04/18/2019,3,877.0,134.0
1389,KINGS HWY,04/18/2019,3,790.0,455.0
1390,AVENUE U,04/18/2019,3,341.0,116.0
1391,AVENUE X,04/18/2019,3,776.0,249.0
1392,NEPTUNE AV,04/18/2019,3,309.0,75.0
1393,CONEY IS-STILLW,04/18/2019,3,2409.0,1682.0
1394,JAMAICA 179 ST,04/18/2019,4,2846.0,1464.0
1395,169 ST,04/18/2019,4,1954.0,1276.0
1396,PARSONS BLVD,04/18/2019,4,1709.0,1337.0
1397,75 AV,04/18/2019,4,533.0,62.0
1398,FOREST HILLS 71,04/18/2019,4,1643.0,16338.0
1399,JKSN HT-ROOSVLT,04/18/2019,4,9279.0,7852.0
1400,21 ST-QNSBRIDGE,04/18/2019,4,2409.0,1448.0
1401,ROOSEVELT ISLND,04/18/2019,4,1690.0,1352.0
1402,LEXINGTON AV/63,04/18/2019,4,4214.0,3423.0
1403,57 ST,04/18/2019,4,4382.0,2651.0
1404,47-50 STS ROCK,04/18/2019,4,13614.0,11114.0
1405,42 ST-BRYANT PK,04/18/2019,4,8861.0,7846.0
1406,34 ST-HERALD SQ,04/18/2019,4,21723.0,25423.0
1407,23 ST,04/18/2019,4,4883.0,5234.0
1408,14 ST,04/18/2019,4,7620.0,7117.0
1409,W 4 ST-WASH SQ,04/18/2019,4,10484.0,9119.0
1410,B'WAY-LAFAYETTE,04/18/2019,4,6303.0,6727.0
1411,2 AV,04/18/2019,4,3615.0,3397.0
1412,DELANCEY/ESSEX,04/18/2019,4,7318.0,4576.0
1413,EAST BROADWAY,04/18/2019,4,3436.0,1393.0
1414,YORK ST,04/18/2019,4,3176.0,1057.0
1415,JAY ST-METROTEC,04/18/2019,4,11081.0,4566.0
1416,BERGEN ST,04/18/2019,4,2656.0,1744.0
1417,CARROLL ST,04/18/2019,4,2206.0,1165.0
1418,SMITH-9 ST,04/18/2019,4,1089.0,1166.0
1419,4 AV-9 ST,04/18/2019,4,687.0,868.0
1420,7 AV,04/18/2019,4,3051.0,1414.0
1421,15 ST-PROSPECT,04/18/2019,4,1121.0,801.0
1422,FT HAMILTON PKY,04/18/2019,4,1063.0,528.0
1423,CHURCH AV,04/18/2019,4,1628.0,1432.0
1424,DITMAS AV,04/18/2019,4,730.0,605.0
1425,18 AV,04/18/2019,4,675.0,501.0
1426,AVENUE I,04/18/2019,4,693.0,76.0
1427,BAY PKWY,04/18/2019,4,276.0,79.0
1428,AVENUE N,04/18/2019,4,527.0,221.0
1429,AVENUE P,04/18/2019,4,366.0,145.0
1430,KINGS HWY,04/18/2019,4,716.0,852.0
1431,AVENUE U,04/18/2019,4,350.0,190.0
1432,AVENUE X,04/18/2019,4,492.0,285.0
1433,NEPTUNE AV,04/18/2019,4,393.0,117.0
1434,CONEY IS-STILLW,04/18/2019,4,3212.0,3184.0
1435,JAMAICA 179 ST,04/18/2019,5,2347.0,4195.0
1436,169 ST,04/18/2019,5,1493.0,3130.0
1437,PARSONS BLVD,04/18/2019,5,1211.0,2574.0
1438,75 AV,04/18/2019,5,628.0,3.0
1439,FOREST HILLS 71,04/18/2019,5,4626.0,5835.0
1440,JKSN HT-ROOSVLT,04/18/2019,5,9820.0,15321.0
1441,21 ST-QNSBRIDGE,04/18/2019,5,3033.0,2043.0
1442,ROOSEVELT ISLND,04/18/2019,5,1943.0,2792.0
1443,LEXINGTON AV/63,04/18/2019,5,7684.0,3993.0
1444,57 ST,04/18/2019,5,6188.0,1841.0
1445,47-50 STS ROCK,04/18/2019,5,22078.0,1553.0
1446,42 ST-BRYANT PK,04/18/2019,5,25132.0,7698.0
1447,34 ST-HERALD SQ,04/18/2019,5,21617.0,19544.0
1448,23 ST,04/18/2019,5,11282.0,6479.0
1449,14 ST,04/18/2019,5,15627.0,9471.0
1450,W 4 ST-WASH SQ,04/18/2019,5,16351.0,11557.0
1451,B'WAY-LAFAYETTE,04/18/2019,5,11378.0,7497.0
1452,2 AV,04/18/2019,5,4916.0,6644.0
1453,DELANCEY/ESSEX,04/18/2019,5,7098.0,6855.0
1454,EAST BROADWAY,04/18/2019,5,4505.0,2095.0
1455,YORK ST,04/18/2019,5,5782.0,773.0
1456,JAY ST-METROTEC,04/18/2019,5,17165.0,4059.0
1457,BERGEN ST,04/18/2019,5,2847.0,2448.0
1458,CARROLL ST,04/18/2019,5,3138.0,1881.0
1459,SMITH-9 ST,04/18/2019,5,1503.0,1600.0
1460,4 AV-9 ST,04/18/2019,5,1205.0,2008.0
1461,7 AV,04/18/2019,5,2336.0,2016.0
1462,15 ST-PROSPECT,04/18/2019,5,1135.0,1640.0
1463,FT HAMILTON PKY,04/18/2019,5,752.0,886.0
1464,CHURCH AV,04/18/2019,5,1696.0,2757.0
1465,DITMAS AV,04/18/2019,5,610.0,811.0
1466,18 AV,04/18/2019,5,874.0,929.0
1467,AVENUE I,04/18/2019,5,532.0,144.0
1468,BAY PKWY,04/18/2019,5,193.0,80.0
1469,AVENUE N,04/18/2019,5,424.0,389.0
1470,AVENUE P,04/18/2019,5,389.0,413.0
1471,KINGS HWY,04/18/2019,5,542.0,1341.0
1472,AVENUE U,04/18/2019,5,321.0,301.0
1473,AVENUE X,04/18/2019,5,444.0,611.0
1474,NEPTUNE AV,04/18/2019,5,197.0,173.0
1475,CONEY IS-STILLW,04/18/2019,5,2071.0,3571.0
1476,JAMAICA 179 ST,04/19/2019,0,763.0,1577.0
1477,169 ST,04/19/2019,0,426.0,1191.0
1478,PARSONS BLVD,04/19/2019,0,326.0,1082.0
1479,75 AV,04/19/2019,0,184.0,30.0
1480,FOREST HILLS 71,04/19/2019,0,1184.0,1484.0
1481,JKSN HT-ROOSVLT,04/19/2019,0,4334.0,7267.0
1482,21 ST-QNSBRIDGE,04/19/2019,0,751.0,1634.0
1483,ROOSEVELT ISLND,04/19/2019,0,469.0,1492.0
1484,LEXINGTON AV/63,04/19/2019,0,2663.0,1394.0
1485,57 ST,04/19/2019,0,1184.0,460.0
1486,47-50 STS ROCK,04/19/2019,0,28487.0,11815.0
1487,42 ST-BRYANT PK,04/19/2019,0,6849.0,2315.0
1488,34 ST-HERALD SQ,04/19/2019,0,6492.0,25295.0
1489,23 ST,04/19/2019,0,3172.0,1363.0
1490,14 ST,04/19/2019,0,7231.0,2810.0
1491,W 4 ST-WASH SQ,04/19/2019,0,9173.0,2968.0
1492,B'WAY-LAFAYETTE,04/19/2019,0,2516.0,1182.0
1493,2 AV,04/19/2019,0,3680.0,2714.0
1494,DELANCEY/ESSEX,04/19/2019,0,3841.0,2242.0
1495,EAST BROADWAY,04/19/2019,0,1517.0,1210.0
1496,YORK ST,04/19/2019,0,872.0,364.0
1497,JAY ST-METROTEC,04/19/2019,0,4778.0,2643.0
1498,BERGEN ST,04/19/2019,0,288.0,306.0
1499,CARROLL ST,04/19/2019,0,556.0,549.0
1500,SMITH-9 ST,04/19/2019,0,238.0,394.0
1501,4 AV-9 ST,04/19/2019,0,205.0,608.0
1502,7 AV,04/19/2019,0,194.0,281.0
1503,15 ST-PROSPECT,04/19/2019,0,169.0,351.0
1504,FT HAMILTON PKY,04/19/2019,0,48.0,145.0
1505,CHURCH AV,04/19/2019,0,532.0,1151.0
1506,DITMAS AV,04/19/2019,0,128.0,190.0
1507,18 AV,04/19/2019,0,204.0,340.0
1508,AVENUE I,04/19/2019,0,98.0,32.0
1509,BAY PKWY,04/19/2019,0,37.0,31.0
1510,AVENUE N,04/19/2019,0,66.0,66.0
1511,AVENUE P,04/19/2019,0,72.0,139.0
1512,KINGS HWY,04/19/2019,0,77.0,236.0
1513,AVENUE U,04/19/2019,0,45.0,51.0
1514,AVENUE X,04/19/2019,0,117.0,234.0
1515,NEPTUNE AV,04/19/2019,0,31.0,18.0
1516,CONEY IS-STILLW,04/19/2019,0,564.0,1289.0
1517,JAMAICA 179 ST,04/19/2019,1,180.0,451.0
1518,169 ST,04/19/2019,1,63.0,321.0
1519,PARSONS BLVD,04/19/2019,1,82.0,362.0
1520,75 AV,04/19/2019,1,14.0,3.0
1521,FOREST HILLS 71,04/19/2019,1,254.0,163.0
1522,JKSN HT-ROOSVLT,04/19/2019,1,772.0,1794.0
1523,21 ST-QNSBRIDGE,04/19/2019,1,71.0,176.0
1524,ROOSEVELT ISLND,04/19/2019,1,33.0,98.0
1525,LEXINGTON AV/63,04/19/2019,1,199.0,239.0
1526,57 ST,04/19/2019,1,87.0,115.0
1527,47-50 STS ROCK,04/19/2019,1,1216.0,318.0
1528,42 ST-BRYANT PK,04/19/2019,1,968.0,357.0
1529,34 ST-HERALD SQ,04/19/2019,1,2010.0,1091.0
1530,23 ST,04/19/2019,1,243.0,121.0
1531,14 ST,04/19/2019,1,835.0,417.0
1532,W 4 ST-WASH SQ,04/19/2019,1,1148.0,413.0
1533,B'WAY-LAFAYETTE,04/19/2019,1,188.0,172.0
1534,2 AV,04/19/2019,1,573.0,414.0
1535,DELANCEY/ESSEX,04/19/2019,1,838.0,317.0
1536,EAST BROADWAY,04/19/2019,1,218.0,195.0
1537,YORK ST,04/19/2019,1,33.0,39.0
1538,JAY ST-METROTEC,04/19/2019,1,626.0,712.0
1539,BERGEN ST,04/19/2019,1,9.0,35.0
1540,CARROLL ST,04/19/2019,1,0.0,9.0
1541,SMITH-9 ST,04/19/2019,1,0.0,0.0
1542,4 AV-9 ST,04/19/2019,1,1.0,9.0
1543,7 AV,04/19/2019,1,5.0,1.0
1544,15 ST-PROSPECT,04/19/2019,1,5.0,6.0
1545,FT HAMILTON PKY,04/19/2019,1,4.0,2.0
1546,CHURCH AV,04/19/2019,1,116.0,131.0
1547,DITMAS AV,04/19/2019,1,32.0,16.0
1548,18 AV,04/19/2019,1,27.0,63.0
1549,AVENUE I,04/19/2019,1,17.0,0.0
1550,BAY PKWY,04/19/2019,1,12.0,6.0
1551,AVENUE N,04/19/2019,1,33.0,16.0
1552,AVENUE P,04/19/2019,1,8.0,27.0
1553,KINGS HWY,04/19/2019,1,43.0,37.0
1554,AVENUE U,04/19/2019,1,21.0,16.0
1555,AVENUE X,04/19/2019,1,29.0,30.0
1556,NEPTUNE AV,04/19/2019,1,14.0,7.0
1557,CONEY IS-STILLW,04/19/2019,1,239.0,331.0
1558,JAMAICA 179 ST,04/19/2019,2,18317.0,34145.0
1559,169 ST,04/19/2019,2,1517.0,298.0
1560,PARSONS BLVD,04/19/2019,2,1364.0,425.0
1561,75 AV,04/19/2019,2,484.0,10.0
1562,FOREST HILLS 71,04/19/2019,2,6620.0,1093.0
1563,JKSN HT-ROOSVLT,04/19/2019,2,7487.0,1755.0
1564,21 ST-QNSBRIDGE,04/19/2019,2,1244.0,809.0
1565,ROOSEVELT ISLND,04/19/2019,2,601.0,446.0
1566,LEXINGTON AV/63,04/19/2019,2,546.0,1955.0
1567,57 ST,04/19/2019,2,420.0,2545.0
1568,47-50 STS ROCK,04/19/2019,2,572.0,6290.0
1569,42 ST-BRYANT PK,04/19/2019,2,597.0,3637.0
1570,34 ST-HERALD SQ,04/19/2019,2,3805.0,8620.0
1571,23 ST,04/19/2019,2,396.0,1803.0
1572,14 ST,04/19/2019,2,745.0,2041.0
1573,W 4 ST-WASH SQ,04/19/2019,2,2426.0,5131.0
1574,B'WAY-LAFAYETTE,04/19/2019,2,607.0,3725.0
1575,2 AV,04/19/2019,2,749.0,1105.0
1576,DELANCEY/ESSEX,04/19/2019,2,3209.0,2424.0
1577,EAST BROADWAY,04/19/2019,2,942.0,582.0
1578,YORK ST,04/19/2019,2,852.0,898.0
1579,JAY ST-METROTEC,04/19/2019,2,1467.0,2087.0
1580,BERGEN ST,04/19/2019,2,1696.0,757.0
1581,CARROLL ST,04/19/2019,2,728.0,363.0
1582,SMITH-9 ST,04/19/2019,2,367.0,669.0
1583,4 AV-9 ST,04/19/2019,2,209.0,342.0
1584,7 AV,04/19/2019,2,2058.0,700.0
1585,15 ST-PROSPECT,04/19/2019,2,999.0,177.0
1586,FT HAMILTON PKY,04/19/2019,2,1503.0,127.0
1587,CHURCH AV,04/19/2019,2,1649.0,349.0
1588,DITMAS AV,04/19/2019,2,1018.0,162.0
1589,18 AV,04/19/2019,2,605.0,151.0
1590,AVENUE I,04/19/2019,2,278.0,65.0
1591,BAY PKWY,04/19/2019,2,335.0,40.0
1592,AVENUE N,04/19/2019,2,863.0,103.0
1593,AVENUE P,04/19/2019,2,506.0,46.0
1594,KINGS HWY,04/19/2019,2,1057.0,321.0
1595,AVENUE U,04/19/2019,2,505.0,91.0
1596,AVENUE X,04/19/2019,2,579.0,103.0
1597,NEPTUNE AV,04/19/2019,2,374.0,38.0
1598,CONEY IS-STILLW,04/19/2019,2,2687.0,1507.0
1599,JAMAICA 179 ST,04/19/2019,3,7831.0,32846.0
1600,169 ST,04/19/2019,3,1860.0,872.0
1601,PARSONS BLVD,04/19/2019,3,1391.0,714.0
1602,75 AV,04/19/2019,3,1109.0,45.0
1603,FOREST HILLS 71,04/19/2019,3,5426.0,1662.0
1604,JKSN HT-ROOSVLT,04/19/2019,3,13829.0,3935.0
1605,21 ST-QNSBRIDGE,04/19/2019,3,3623.0,1030.0
1606,ROOSEVELT ISLND,04/19/2019,3,2857.0,976.0
1607,LEXINGTON AV/63,04/19/2019,3,2864.0,4364.0
1608,57 ST,04/19/2019,3,1746.0,3846.0
1609,47-50 STS ROCK,04/19/2019,3,4266.0,25186.0
1610,42 ST-BRYANT PK,04/19/2019,3,3476.0,14922.0
1611,34 ST-HERALD SQ,04/19/2019,3,15930.0,33607.0
1612,23 ST,04/19/2019,3,3132.0,7829.0
1613,14 ST,04/19/2019,3,5078.0,8733.0
1614,W 4 ST-WASH SQ,04/19/2019,3,5513.0,10395.0
1615,B'WAY-LAFAYETTE,04/19/2019,3,2914.0,9241.0
1616,2 AV,04/19/2019,3,3643.0,3005.0
1617,DELANCEY/ESSEX,04/19/2019,3,4929.0,3915.0
1618,EAST BROADWAY,04/19/2019,3,3255.0,1644.0
1619,YORK ST,04/19/2019,3,1849.0,2428.0
1620,JAY ST-METROTEC,04/19/2019,3,5492.0,6245.0
1621,BERGEN ST,04/19/2019,3,2334.0,1230.0
1622,CARROLL ST,04/19/2019,3,3508.0,853.0
1623,SMITH-9 ST,04/19/2019,3,959.0,1216.0
1624,4 AV-9 ST,04/19/2019,3,816.0,711.0
1625,7 AV,04/19/2019,3,2532.0,917.0
1626,15 ST-PROSPECT,04/19/2019,3,1742.0,486.0
1627,FT HAMILTON PKY,04/19/2019,3,1421.0,231.0
1628,CHURCH AV,04/19/2019,3,2738.0,745.0
1629,DITMAS AV,04/19/2019,3,654.0,219.0
1630,18 AV,04/19/2019,3,735.0,467.0
1631,AVENUE I,04/19/2019,3,238.0,49.0
1632,BAY PKWY,04/19/2019,3,173.0,60.0
1633,AVENUE N,04/19/2019,3,469.0,102.0
1634,AVENUE P,04/19/2019,3,594.0,108.0
1635,KINGS HWY,04/19/2019,3,681.0,398.0
1636,AVENUE U,04/19/2019,3,305.0,85.0
1637,AVENUE X,04/19/2019,3,588.0,150.0
1638,NEPTUNE AV,04/19/2019,3,220.0,55.0
1639,CONEY IS-STILLW,04/19/2019,3,2533.0,2816.0
1640,JAMAICA 179 ST,04/19/2019,4,2523.0,1486.0
1641,169 ST,04/19/2019,4,1495.0,1155.0
1642,PARSONS BLVD,04/19/2019,4,1074.0,1054.0
1643,75 AV,04/19/2019,4,531.0,11.0
1644,FOREST HILLS 71,04/19/2019,4,4732.0,3458.0
1645,JKSN HT-ROOSVLT,04/19/2019,4,10035.0,7816.0
1646,21 ST-QNSBRIDGE,04/19/2019,4,2244.0,1377.0
1647,ROOSEVELT ISLND,04/19/2019,4,2151.0,1717.0
1648,LEXINGTON AV/63,04/19/2019,4,3834.0,3031.0
1649,57 ST,04/19/2019,4,4338.0,3248.0
1650,47-50 STS ROCK,04/19/2019,4,14797.0,10213.0
1651,42 ST-BRYANT PK,04/19/2019,4,10386.0,7619.0
1652,34 ST-HERALD SQ,04/19/2019,4,24857.0,28057.0
1653,23 ST,04/19/2019,4,5149.0,5106.0
1654,14 ST,04/19/2019,4,8583.0,7362.0
1655,W 4 ST-WASH SQ,04/19/2019,4,11461.0,9944.0
1656,B'WAY-LAFAYETTE,04/19/2019,4,7778.0,7929.0
1657,2 AV,04/19/2019,4,3528.0,3887.0
1658,DELANCEY/ESSEX,04/19/2019,4,6148.0,4871.0
1659,EAST BROADWAY,04/19/2019,4,3198.0,1545.0
1660,YORK ST,04/19/2019,4,4014.0,1124.0
1661,JAY ST-METROTEC,04/19/2019,4,11038.0,10093.0
1662,BERGEN ST,04/19/2019,4,2265.0,1542.0
1663,CARROLL ST,04/19/2019,4,1914.0,932.0
1664,SMITH-9 ST,04/19/2019,4,1122.0,1181.0
1665,4 AV-9 ST,04/19/2019,4,709.0,785.0
1666,7 AV,04/19/2019,4,2115.0,1198.0
1667,15 ST-PROSPECT,04/19/2019,4,1011.0,701.0
1668,FT HAMILTON PKY,04/19/2019,4,972.0,439.0
1669,CHURCH AV,04/19/2019,4,1697.0,1183.0
1670,DITMAS AV,04/19/2019,4,659.0,456.0
1671,18 AV,04/19/2019,4,633.0,448.0
1672,AVENUE I,04/19/2019,4,492.0,95.0
1673,BAY PKWY,04/19/2019,4,176.0,67.0
1674,AVENUE N,04/19/2019,4,430.0,220.0
1675,AVENUE P,04/19/2019,4,356.0,179.0
1676,KINGS HWY,04/19/2019,4,582.0,774.0
1677,AVENUE U,04/19/2019,4,263.0,181.0
1678,AVENUE X,04/19/2019,4,396.0,251.0
1679,NEPTUNE AV,04/19/2019,4,224.0,103.0
1680,CONEY IS-STILLW,04/19/2019,4,4203.0,3282.0
1681,JAMAICA 179 ST,04/19/2019,5,2078.0,2909.0
1682,169 ST,04/19/2019,5,1341.0,2213.0
1683,PARSONS BLVD,04/19/2019,5,1063.0,1881.0
1684,75 AV,04/19/2019,5,516.0,20.0
1685,FOREST HILLS 71,04/19/2019,5,3634.0,3723.0
1686,JKSN HT-ROOSVLT,04/19/2019,5,9348.0,12175.0
1687,21 ST-QNSBRIDGE,04/19/2019,5,2492.0,1678.0
1688,ROOSEVELT ISLND,04/19/2019,5,2187.0,2406.0
1689,LEXINGTON AV/63,04/19/2019,5,5060.0,3065.0
1690,57 ST,04/19/2019,5,4408.0,1897.0
1691,47-50 STS ROCK,04/19/2019,5,22112.0,7603.0
1692,42 ST-BRYANT PK,04/19/2019,5,15054.0,6829.0
1693,34 ST-HERALD SQ,04/19/2019,5,35994.0,29493.0
1694,23 ST,04/19/2019,5,7934.0,5070.0
1695,14 ST,04/19/2019,5,12391.0,7256.0
1696,W 4 ST-WASH SQ,04/19/2019,5,13468.0,10748.0
1697,B'WAY-LAFAYETTE,04/19/2019,5,9133.0,5987.0
1698,2 AV,04/19/2019,5,4615.0,6338.0
1699,DELANCEY/ESSEX,04/19/2019,5,6096.0,5746.0
1700,EAST BROADWAY,04/19/2019,5,3875.0,2084.0
1701,YORK ST,04/19/2019,5,4521.0,1062.0
1702,JAY ST-METROTEC,04/19/2019,5,10454.0,3792.0
1703,BERGEN ST,04/19/2019,5,2387.0,1796.0
1704,CARROLL ST,04/19/2019,5,2509.0,1636.0
1705,SMITH-9 ST,04/19/2019,5,1242.0,1306.0
1706,4 AV-9 ST,04/19/2019,5,970.0,1411.0
1707,7 AV,04/19/2019,5,1842.0,1425.0
1708,15 ST-PROSPECT,04/19/2019,5,927.0,1165.0
1709,FT HAMILTON PKY,04/19/2019,5,699.0,604.0
1710,CHURCH AV,04/19/2019,5,1433.0,2168.0
1711,DITMAS AV,04/19/2019,5,464.0,541.0
1712,18 AV,04/19/2019,5,614.0,654.0
1713,AVENUE I,04/19/2019,5,302.0,69.0
1714,BAY PKWY,04/19/2019,5,130.0,64.0
1715,AVENUE N,04/19/2019,5,266.0,255.0
1716,AVENUE P,04/19/2019,5,289.0,310.0
1717,KINGS HWY,04/19/2019,5,408.0,861.0
1718,AVENUE U,04/19/2019,5,226.0,208.0
1719,AVENUE X,04/19/2019,5,339.0,441.0
1720,NEPTUNE AV,04/19/2019,5,160.0,123.0
1721,CONEY IS-STILLW,04/19/2019,5,3084.0,2991.0
